date,city,temperature_c,humidity_percent,electricity_units_kwh,household_size,income_level,power_outage_hours,year,month,day,day_of_week,is_weekend,lag_1,lag_7,lag_30,rolling_mean_7,rolling_mean_30
2022-01-31,0,29.7,46,14.24,5,1,1.3,2022,1,31,0,0,24.17,25.48,26.65,23.034285714285716,22.247333333333337
2022-02-01,3,31.7,39,25.43,3,2,1.22,2022,2,1,1,0,14.24,17.76,25.32,24.13,22.250999999999998
2022-02-02,3,28.3,79,24.7,4,2,2.02,2022,2,2,2,0,25.43,27.13,23.4,23.782857142857143,22.294333333333334
2022-02-03,1,32.5,56,10.78,8,0,1.04,2022,2,3,3,0,24.7,31.9,20.51,20.765714285714285,21.970000000000002
2022-02-04,0,21.2,83,15.03,2,2,0.48,2022,2,4,4,0,10.78,28.42,29.2,18.852857142857143,21.497666666666664
2022-02-05,4,40.1,79,20.3,3,1,0.28,2022,2,5,5,1,15.03,17.62,22.84,19.235714285714288,21.413
2022-02-06,0,29.4,64,20.19,6,0,1.45,2022,2,6,6,1,20.3,24.17,10.2,18.667142857142856,21.746
2022-02-07,4,37.8,81,14.74,7,0,1.9,2022,2,7,0,0,20.19,14.24,15.3,18.738571428571426,21.727333333333334
2022-02-08,1,32.4,88,24.33,8,2,1.26,2022,2,8,1,0,14.74,25.43,20.88,18.58142857142857,21.842333333333332
2022-02-09,2,33.2,50,23.51,8,0,2.01,2022,2,9,2,0,24.33,24.7,23.86,18.41142857142857,21.83066666666667
2022-02-10,3,34.0,54,20.83,7,2,0.23,2022,2,10,3,0,23.51,10.78,21.66,19.84714285714286,21.802999999999997
2022-02-11,1,33.1,57,17.47,7,2,3.21,2022,2,11,4,0,20.83,15.03,29.31,20.195714285714285,21.408333333333335
2022-02-12,3,34.5,76,28.29,8,0,1.31,2022,2,12,5,1,17.47,20.3,10.29,21.337142857142858,22.008333333333333
2022-02-13,2,39.3,44,31.93,4,2,0.2,2022,2,13,6,1,28.29,20.19,22.86,23.014285714285712,22.31066666666667
2022-02-14,2,31.4,33,19.1,6,2,0.93,2022,2,14,0,0,31.93,14.74,11.09,23.63714285714286,22.57766666666667
2022-02-15,1,35.0,58,18.33,4,2,2.79,2022,2,15,1,0,19.1,24.33,26.56,22.779999999999998,22.303333333333335
2022-02-16,2,29.4,88,24.95,3,2,3.42,2022,2,16,2,0,18.33,23.51,21.43,22.985714285714284,22.420666666666666
2022-02-17,4,40.1,38,19.85,2,0,0.46,2022,2,17,3,0,24.95,20.83,24.52,22.845714285714287,22.265
2022-02-18,2,25.3,56,21.16,7,1,1.86,2022,2,18,4,0,19.85,17.47,16.82,23.372857142857146,22.409666666666666
2022-02-19,3,42.6,55,26.44,6,1,0.16,2022,2,19,5,1,21.16,28.29,29.68,23.108571428571427,22.301666666666666
2022-02-20,3,29.7,48,10.54,7,2,0.05,2022,2,20,6,1,26.44,31.93,28.25,20.052857142857142,21.711333333333336
2022-02-21,3,20.0,85,29.91,4,2,1.23,2022,2,21,0,0,10.54,19.1,25.5,21.59714285714286,21.858333333333334
2022-02-22,3,30.9,57,22.44,5,2,1.78,2022,2,22,1,0,29.91,18.33,21.22,22.184285714285714,21.899
2022-02-23,4,25.2,46,19.53,3,1,2.38,2022,2,23,2,0,22.44,24.95,25.48,21.41,21.700666666666667
2022-02-24,0,35.9,72,21.46,2,2,0.62,2022,2,24,3,0,19.53,19.85,17.76,21.640000000000004,21.823999999999998
2022-02-25,1,25.4,86,21.77,3,0,0.01,2022,2,25,4,0,21.46,21.16,27.13,21.72714285714286,21.645333333333333
2022-02-26,3,26.9,70,11.61,5,0,0.98,2022,2,26,5,1,21.77,26.44,31.9,19.608571428571427,20.968999999999998
2022-02-27,2,16.8,71,30.97,2,0,0.02,2022,2,27,6,1,11.61,10.54,28.42,22.527142857142856,21.054
2022-02-28,3,26.8,79,22.25,5,1,0.14,2022,2,28,0,0,30.97,29.91,17.62,21.43285714285714,21.208333333333332
2022-03-01,2,13.0,49,24.66,3,2,0.59,2022,3,1,1,0,22.25,22.44,24.17,21.75,21.224666666666668
2022-03-02,2,18.9,74,27.71,4,2,0.86,2022,3,2,2,0,24.66,19.53,14.24,22.91857142857143,21.673666666666666
2022-03-03,3,35.3,69,15.87,8,2,0.49,2022,3,3,3,0,27.71,21.46,25.43,22.12,21.355
2022-03-04,4,35.5,68,24.84,3,1,1.31,2022,3,4,4,0,15.87,21.77,24.7,22.558571428571433,21.359666666666666
2022-03-05,2,33.0,78,20.39,3,1,0.09,2022,3,5,5,1,24.84,11.61,10.78,23.812857142857144,21.68
2022-03-06,2,23.2,82,27.08,3,1,0.23,2022,3,6,6,1,20.39,30.97,15.03,23.25714285714286,22.081666666666667
2022-03-07,3,29.7,52,9.24,6,1,1.78,2022,3,7,0,0,27.08,22.25,20.3,21.398571428571426,21.713000000000005
2022-03-08,2,30.0,76,21.41,5,0,0.23,2022,3,8,1,0,9.24,24.66,20.19,20.934285714285714,21.753666666666668
2022-03-09,2,21.9,61,18.38,5,1,1.53,2022,3,9,2,0,21.41,27.71,14.74,19.601428571428567,21.875
2022-03-10,3,40.5,81,24.59,7,1,0.08,2022,3,10,3,0,18.38,15.87,24.33,20.84714285714286,21.88366666666667
2022-03-11,3,36.1,76,24.82,5,1,0.78,2022,3,11,4,0,24.59,24.84,23.51,20.844285714285714,21.92733333333333
2022-03-12,1,28.5,62,17.75,7,2,0.29,2022,3,12,5,1,24.82,20.39,20.83,20.467142857142854,21.824666666666666
2022-03-13,4,30.2,86,17.73,6,2,0.17,2022,3,13,6,1,17.75,27.08,17.47,19.131428571428568,21.833333333333332
2022-03-14,4,31.5,75,21.34,4,2,1.26,2022,3,14,0,0,17.73,9.24,28.29,20.860000000000003,21.60166666666667
2022-03-15,2,15.7,34,16.62,7,0,3.95,2022,3,15,1,0,21.34,21.41,31.93,20.17571428571429,21.091333333333335
2022-03-16,4,28.3,72,27.05,3,0,0.08,2022,3,16,2,0,16.62,18.38,19.1,21.414285714285715,21.356333333333332
2022-03-17,2,25.2,77,19.78,4,1,0.82,2022,3,17,3,0,27.05,24.59,18.33,20.72714285714286,21.404666666666667
2022-03-18,1,23.0,63,4.56,8,2,1.84,2022,3,18,4,0,19.78,24.82,24.95,17.832857142857144,20.725
2022-03-19,3,28.0,69,19.75,6,0,0.93,2022,3,19,5,1,4.56,17.75,19.85,18.11857142857143,20.721666666666668
2022-03-20,3,42.6,40,15.77,5,2,2.46,2022,3,20,6,1,19.75,17.73,21.16,17.83857142857143,20.541999999999998
2022-03-21,3,34.5,79,12.21,7,0,0.3,2022,3,21,0,0,15.77,21.34,26.44,16.534285714285712,20.06766666666667
2022-03-22,4,26.0,32,14.58,3,0,4.81,2022,3,22,1,0,12.21,16.62,10.54,16.242857142857144,20.202333333333332
2022-03-23,1,34.0,87,22.66,2,1,0.73,2022,3,23,2,0,14.58,27.05,29.91,15.615714285714287,19.96066666666667
2022-03-24,4,39.8,62,29.97,8,1,0.63,2022,3,24,3,0,22.66,19.78,22.44,17.071428571428573,20.211666666666666
2022-03-25,4,36.5,40,23.88,2,0,3.11,2022,3,25,4,0,29.97,4.56,19.53,19.83142857142857,20.356666666666666
2022-03-26,1,30.4,45,18.36,4,1,1.24,2022,3,26,5,1,23.88,19.75,21.46,19.632857142857144,20.253333333333334
2022-03-27,1,25.5,47,24.74,5,0,1.09,2022,3,27,6,1,18.36,15.77,21.77,20.91428571428571,20.35233333333333
2022-03-28,1,34.9,59,19.25,2,0,1.95,2022,3,28,0,0,24.74,12.21,11.61,21.919999999999998,20.607000000000003
2022-03-29,1,32.8,77,17.83,4,2,1.3,2022,3,29,1,0,19.25,14.58,30.97,22.384285714285713,20.169
2022-03-30,3,36.3,84,15.07,6,1,0.27,2022,3,30,2,0,17.83,22.66,22.25,21.3,19.929666666666666
2022-03-31,0,34.4,39,11.49,4,1,1.68,2022,3,31,3,0,15.07,29.97,24.66,18.66,19.490666666666666
2022-04-01,0,37.3,47,19.66,8,1,0.21,2022,4,1,4,0,11.49,23.88,27.71,18.057142857142857,19.222333333333335
2022-04-02,1,26.3,67,22.95,4,2,2.46,2022,4,2,5,1,19.66,18.36,15.87,18.71285714285714,19.458333333333332
2022-04-03,0,39.2,48,21.42,8,2,6.87,2022,4,3,6,1,22.95,24.74,24.84,18.23857142857143,19.34433333333333
2022-04-04,0,31.4,65,19.5,4,2,0.71,2022,4,4,0,0,21.42,19.25,20.39,18.274285714285714,19.314666666666664
2022-04-05,1,44.5,88,16.33,3,1,0.88,2022,4,5,1,0,19.5,17.83,27.08,18.06,18.95633333333333
2022-04-06,0,25.2,42,25.65,4,1,0.07,2022,4,6,2,0,16.33,15.07,9.24,19.571428571428573,19.50333333333333
2022-04-07,4,42.2,85,14.1,7,1,0.02,2022,4,7,3,0,25.65,11.49,21.41,19.944285714285712,19.259666666666664
2022-04-08,2,31.4,75,26.66,4,2,3.82,2022,4,8,4,0,14.1,19.66,18.38,20.944285714285716,19.535666666666664
2022-04-09,2,25.4,32,15.99,3,2,0.21,2022,4,9,5,1,26.66,22.95,24.59,19.95,19.249
2022-04-10,1,26.6,39,17.49,3,0,0.89,2022,4,10,6,1,15.99,21.42,24.82,19.388571428571428,19.004666666666665
2022-04-11,3,27.8,67,13.2,6,2,2.53,2022,4,11,0,0,17.49,19.5,17.75,18.488571428571426,18.853
2022-04-12,1,33.0,30,18.99,8,0,3.3,2022,4,12,1,0,13.2,16.33,17.73,18.868571428571425,18.895
2022-04-13,3,33.7,84,27.85,5,1,1.1,2022,4,13,2,0,18.99,25.65,21.34,19.18285714285714,19.112
2022-04-14,2,26.0,85,25.09,2,2,1.25,2022,4,14,3,0,27.85,14.1,16.62,20.752857142857142,19.394333333333332
2022-04-15,1,29.8,56,27.87,2,1,1.66,2022,4,15,4,0,25.09,26.66,27.05,20.925714285714285,19.421666666666667
2022-04-16,4,45.0,75,25.13,4,1,4.88,2022,4,16,5,1,27.87,15.99,19.78,22.23142857142857,19.6
2022-04-17,0,42.1,37,15.38,6,1,1.38,2022,4,17,6,1,25.13,17.49,4.56,21.930000000000003,19.960666666666665
2022-04-18,3,33.1,80,20.02,4,1,1.23,2022,4,18,0,0,15.38,13.2,19.75,22.904285714285713,19.969666666666665
2022-04-19,0,30.3,75,17.32,2,2,0.02,2022,4,19,1,0,20.02,18.99,15.77,22.66571428571429,20.021333333333335
2022-04-20,0,30.8,71,29.98,8,1,0.13,2022,4,20,2,0,17.32,27.85,12.21,22.97,20.613666666666667
2022-04-21,1,34.3,46,14.82,8,0,1.29,2022,4,21,3,0,29.98,25.09,14.58,21.502857142857145,20.621666666666666
2022-04-22,0,22.8,38,27.36,8,2,4.13,2022,4,22,4,0,14.82,27.87,22.66,21.430000000000003,20.77833333333333
2022-04-23,4,28.2,35,27.36,3,1,3.02,2022,4,23,5,1,27.36,25.13,29.97,21.74857142857143,20.691333333333333
2022-04-24,0,18.3,72,32.98,5,2,6.08,2022,4,24,6,1,27.36,15.38,23.88,24.262857142857143,20.994666666666667
2022-04-25,1,32.8,54,19.54,6,0,1.13,2022,4,25,0,0,32.98,20.02,18.36,24.194285714285712,21.034
2022-04-26,4,34.5,68,26.27,3,1,2.33,2022,4,26,1,0,19.54,17.32,24.74,25.472857142857144,21.084999999999997
2022-04-27,2,26.6,78,35.69,5,0,2.75,2022,4,27,2,0,26.27,29.98,19.25,26.28857142857143,21.633
2022-04-28,0,41.0,89,18.29,6,1,1.57,2022,4,28,3,0,35.69,14.82,17.83,26.784285714285712,21.64833333333333
2022-04-29,1,21.4,57,12.79,6,0,0.62,2022,4,29,4,0,18.29,27.36,15.07,24.702857142857145,21.572333333333336
2022-04-30,2,19.7,62,10.72,2,1,0.95,2022,4,30,5,1,12.79,27.36,11.49,22.325714285714287,21.546666666666667
2022-05-01,2,31.6,83,26.28,3,2,2.93,2022,5,1,6,1,10.72,32.98,19.66,21.368571428571425,21.767333333333337
2022-05-02,3,37.3,66,10.7,6,1,0.53,2022,5,2,0,0,26.28,19.54,22.95,20.10571428571429,21.358999999999998
2022-05-03,4,41.8,38,19.77,7,2,3.86,2022,5,3,1,0,10.7,26.27,21.42,19.177142857142858,21.304
2022-05-04,0,26.8,47,24.62,8,1,0.39,2022,5,4,2,0,19.77,35.69,19.5,17.595714285714287,21.474666666666668
2022-05-05,1,37.6,85,23.11,6,1,2.08,2022,5,5,3,0,24.62,18.29,16.33,18.284285714285712,21.700666666666667
2022-05-06,3,29.7,88,24.55,5,0,1.49,2022,5,6,4,0,23.11,12.79,25.65,19.964285714285715,21.664
2022-05-07,4,28.8,50,23.33,2,0,2.08,2022,5,7,5,1,24.55,10.72,14.1,21.76571428571429,21.971666666666668
2022-05-08,3,36.2,31,29.67,4,0,0.86,2022,5,8,6,1,23.33,26.28,26.66,22.25,22.072000000000003
2022-05-09,4,34.6,87,16.29,8,1,4.05,2022,5,9,0,0,29.67,10.7,15.99,23.048571428571428,22.082
2022-05-10,4,19.0,72,17.94,2,1,1.5,2022,5,10,1,0,16.29,19.77,17.49,22.787142857142857,22.096999999999998
2022-05-11,0,40.3,88,17.36,4,1,0.51,2022,5,11,2,0,17.94,24.62,13.2,21.75,22.235666666666663
2022-05-12,4,39.7,89,26.98,3,2,1.53,2022,5,12,3,0,17.36,23.11,18.99,22.302857142857142,22.502
2022-05-13,3,25.6,67,27.4,3,2,0.51,2022,5,13,4,0,26.98,24.55,27.85,22.71,22.487000000000002
2022-05-14,4,32.8,87,24.71,6,1,0.52,2022,5,14,5,1,27.4,23.33,25.09,22.907142857142855,22.474333333333334
2022-05-15,0,33.5,69,29.1,7,0,0.77,2022,5,15,6,1,24.71,29.67,27.87,22.825714285714287,22.515333333333334
2022-05-16,0,31.8,65,14.93,3,0,2.87,2022,5,16,0,0,29.1,16.29,25.13,22.631428571428575,22.175333333333334
2022-05-17,3,26.1,79,32.0,6,0,1.04,2022,5,17,1,0,14.93,17.94,15.38,24.640000000000004,22.729333333333333
2022-05-18,2,25.3,89,31.14,8,1,1.7,2022,5,18,2,0,32.0,17.36,20.02,26.608571428571427,23.1
2022-05-19,2,29.8,72,26.41,2,0,0.75,2022,5,19,3,0,31.14,26.98,17.32,26.527142857142856,23.403000000000002
2022-05-20,4,38.2,66,32.69,3,1,0.46,2022,5,20,4,0,26.41,27.4,29.98,27.282857142857146,23.493333333333332
2022-05-21,1,33.8,44,12.06,2,2,4.64,2022,5,21,5,1,32.69,24.71,14.82,25.475714285714282,23.401333333333337
2022-05-22,4,27.4,57,18.85,2,0,1.39,2022,5,22,6,1,12.06,29.1,27.36,24.011428571428574,23.11766666666667
2022-05-23,3,35.4,47,17.59,7,2,4.08,2022,5,23,0,0,18.85,14.93,27.36,24.391428571428573,22.791999999999998
2022-05-24,3,10.1,63,26.33,3,0,0.34,2022,5,24,1,0,17.59,32.0,32.98,23.58142857142857,22.570333333333334
2022-05-25,3,38.0,51,15.7,2,1,0.24,2022,5,25,2,0,26.33,31.14,19.54,21.375714285714285,22.442333333333334
2022-05-26,3,17.8,40,26.54,7,1,2.91,2022,5,26,3,0,15.7,26.41,26.27,21.39428571428571,22.451333333333334
2022-05-27,3,27.5,87,30.22,7,1,1.71,2022,5,27,4,0,26.54,32.69,35.69,21.041428571428572,22.269000000000002
2022-05-28,0,22.2,86,26.17,3,1,0.31,2022,5,28,5,1,30.22,12.06,18.29,23.057142857142857,22.53166666666667
2022-05-29,2,20.9,42,23.7,7,0,0.47,2022,5,29,6,1,26.17,18.85,12.79,23.75,22.895333333333333
2022-05-30,3,38.1,33,16.07,3,2,2.42,2022,5,30,0,0,23.7,17.59,10.72,23.532857142857143,23.073666666666668
2022-05-31,1,26.7,51,16.92,3,1,0.91,2022,5,31,1,0,16.07,26.33,26.28,22.18857142857143,22.761666666666663
2022-06-01,1,32.4,36,29.5,4,0,1.67,2022,6,1,2,0,16.92,15.7,10.7,24.16,23.388333333333332
2022-06-02,1,29.7,72,26.68,2,2,0.57,2022,6,2,3,0,29.5,26.54,19.77,24.180000000000003,23.61866666666667
2022-06-03,1,33.3,83,21.77,5,1,0.72,2022,6,3,4,0,26.68,30.22,24.62,22.972857142857144,23.523666666666667
2022-06-04,0,30.5,53,19.49,3,2,7.02,2022,6,4,5,1,21.77,26.17,23.11,22.018571428571427,23.403000000000002
2022-06-05,1,21.0,33,9.85,2,1,0.43,2022,6,5,6,1,19.49,23.7,24.55,20.04,22.913
2022-06-06,3,37.0,57,15.57,8,2,1.06,2022,6,6,0,0,9.85,16.07,23.33,19.96857142857143,22.654333333333334
2022-06-07,4,26.5,44,33.47,7,2,2.79,2022,6,7,1,0,15.57,16.92,29.67,22.33285714285714,22.781
2022-06-08,1,19.1,30,14.32,6,1,0.41,2022,6,8,2,0,33.47,29.5,16.29,20.16428571428571,22.715333333333334
2022-06-09,0,27.0,84,23.14,3,0,0.8,2022,6,9,3,0,14.32,26.68,17.94,19.65857142857143,22.88866666666667
2022-06-10,0,40.5,32,28.04,7,2,1.43,2022,6,10,4,0,23.14,21.77,17.36,20.554285714285715,23.244666666666667
2022-06-11,1,36.0,43,14.47,7,1,0.98,2022,6,11,5,1,28.04,19.49,26.98,19.837142857142855,22.82766666666667
2022-06-12,4,27.6,67,23.11,7,2,0.92,2022,6,12,6,1,14.47,9.85,27.4,21.731428571428573,22.68466666666667
2022-06-13,1,27.6,79,27.63,7,2,0.68,2022,6,13,0,0,23.11,15.57,24.71,23.454285714285714,22.782
2022-06-14,0,27.7,86,22.07,7,0,1.33,2022,6,14,1,0,27.63,33.47,29.1,21.825714285714287,22.547666666666665
2022-06-15,2,44.5,30,39.21,3,2,1.47,2022,6,15,2,0,22.07,14.32,14.93,25.381428571428568,23.357000000000003
2022-06-16,3,32.7,67,11.99,8,2,1.59,2022,6,16,3,0,39.21,23.14,32.0,23.78857142857143,22.69
2022-06-17,0,33.0,67,28.35,5,1,0.11,2022,6,17,4,0,11.99,28.04,31.14,23.832857142857144,22.597
2022-06-18,1,37.2,50,20.96,4,1,1.5,2022,6,18,5,1,28.35,14.47,26.41,24.76,22.41533333333333
2022-06-19,3,31.7,77,26.63,7,0,4.59,2022,6,19,6,1,20.96,23.11,32.69,25.262857142857143,22.21333333333333
2022-06-20,1,28.2,58,24.65,7,2,1.17,2022,6,20,0,0,26.63,27.63,12.06,24.837142857142858,22.633
2022-06-21,1,28.6,34,17.6,4,2,1.88,2022,6,21,1,0,24.65,22.07,18.85,24.19857142857143,22.59133333333333
2022-06-22,2,29.5,78,23.37,8,2,1.22,2022,6,22,2,0,17.6,39.21,17.59,21.935714285714287,22.784
2022-06-23,3,29.7,39,10.85,8,0,2.89,2022,6,23,3,0,23.37,11.99,26.33,21.77285714285714,22.267999999999997
2022-06-24,3,35.1,57,25.62,3,2,3.98,2022,6,24,4,0,10.85,28.35,15.7,21.382857142857144,22.598666666666663
2022-06-25,2,30.4,50,23.79,2,1,0.31,2022,6,25,5,1,25.62,20.96,26.54,21.787142857142857,22.507
2022-06-26,0,35.1,79,25.83,6,0,0.86,2022,6,26,6,1,23.79,26.63,30.22,21.67285714285714,22.360666666666663
2022-06-27,1,29.4,36,28.35,6,1,0.75,2022,6,27,0,0,25.83,24.65,26.17,22.201428571428572,22.433333333333334
2022-06-28,4,30.6,32,24.21,2,1,0.78,2022,6,28,1,0,28.35,17.6,23.7,23.145714285714288,22.450333333333333
2022-06-29,1,16.0,74,22.89,3,0,0.2,2022,6,29,2,0,24.21,23.37,16.07,23.07714285714286,22.677666666666667
2022-06-30,1,36.4,76,16.71,6,1,2.52,2022,6,30,3,0,22.89,10.85,16.92,23.914285714285715,22.670666666666666
2022-07-01,0,32.4,49,17.73,8,2,0.05,2022,7,1,4,0,16.71,25.62,29.5,22.78714285714286,22.278333333333332
2022-07-02,1,37.0,48,29.12,4,0,1.13,2022,7,2,5,1,17.73,23.79,26.68,23.54857142857143,22.359666666666666
2022-07-03,2,9.7,64,30.62,2,1,1.63,2022,7,3,6,1,29.12,25.83,21.77,24.232857142857142,22.654666666666667
2022-07-04,2,44.6,33,20.57,8,2,0.35,2022,7,4,0,0,30.62,28.35,19.49,23.121428571428574,22.69066666666667
2022-07-05,3,29.0,34,22.28,5,2,3.54,2022,7,5,1,0,20.57,24.21,9.85,22.845714285714287,23.105
2022-07-06,4,37.8,30,16.57,3,1,2.74,2022,7,6,2,0,22.28,22.89,15.57,21.942857142857147,23.138333333333335
2022-07-07,1,22.7,33,29.04,2,2,0.96,2022,7,7,3,0,16.57,16.71,33.47,23.704285714285714,22.990666666666666
2022-07-08,1,34.3,41,25.99,6,0,0.79,2022,7,8,4,0,29.04,17.73,14.32,24.884285714285713,23.379666666666665
2022-07-09,0,22.6,89,33.65,3,1,0.4,2022,7,9,5,1,25.99,29.12,23.14,25.531428571428567,23.73
2022-07-10,2,25.6,56,16.73,4,2,1.96,2022,7,10,6,1,33.65,30.62,28.04,23.54714285714286,23.353
2022-07-11,4,43.4,85,19.73,3,2,0.21,2022,7,11,0,0,16.73,20.57,14.47,23.427142857142854,23.528333333333332
2022-07-12,3,28.7,71,23.39,3,1,1.71,2022,7,12,1,0,19.73,22.28,23.11,23.585714285714285,23.537666666666667
2022-07-13,2,31.5,52,25.88,4,1,2.77,2022,7,13,2,0,23.39,16.57,27.63,24.915714285714284,23.479333333333333
2022-07-14,3,36.1,54,20.71,7,1,0.39,2022,7,14,3,0,25.88,29.04,22.07,23.725714285714286,23.434000000000005
2022-07-15,0,33.5,50,16.76,4,1,3.02,2022,7,15,4,0,20.71,25.99,39.21,22.407142857142855,22.68566666666667
2022-07-16,0,31.1,87,27.29,8,0,0.05,2022,7,16,5,1,16.76,33.65,11.99,21.49857142857143,23.195666666666668
2022-07-17,1,32.6,81,26.33,3,1,3.66,2022,7,17,6,1,27.29,16.73,28.35,22.87,23.128333333333334
2022-07-18,4,46.8,53,16.5,4,0,0.19,2022,7,18,0,0,26.33,19.73,20.96,22.408571428571427,22.97966666666667
2022-07-19,3,29.6,54,30.13,7,0,1.56,2022,7,19,1,0,16.5,23.39,26.63,23.37142857142857,23.096333333333337
2022-07-20,2,31.4,74,29.02,8,1,0.43,2022,7,20,2,0,30.13,25.88,24.65,23.82,23.242
2022-07-21,0,37.4,84,22.81,2,0,2.72,2022,7,21,3,0,29.02,20.71,17.6,24.12,23.415666666666667
2022-07-22,1,37.7,75,22.48,4,1,1.08,2022,7,22,4,0,22.81,16.76,23.37,24.937142857142852,23.386000000000003
2022-07-23,1,38.3,61,25.32,4,1,0.22,2022,7,23,5,1,22.48,27.29,10.85,24.655714285714282,23.868333333333336
2022-07-24,3,34.5,84,16.83,3,2,1.27,2022,7,24,6,1,25.32,26.33,25.62,23.298571428571428,23.575333333333333
2022-07-25,0,22.0,61,22.18,8,1,0.79,2022,7,25,0,0,16.83,16.5,23.79,24.110000000000003,23.52166666666667
2022-07-26,4,41.4,34,9.09,2,2,1.62,2022,7,26,1,0,22.18,30.13,25.83,21.104285714285716,22.963666666666665
2022-07-27,0,22.0,65,27.26,5,0,3.2,2022,7,27,2,0,9.09,29.02,28.35,20.852857142857143,22.92733333333333
2022-07-28,3,32.1,75,12.63,5,2,0.79,2022,7,28,3,0,27.26,22.81,24.21,19.398571428571426,22.541333333333334
2022-07-29,3,24.7,71,31.02,6,0,0.51,2022,7,29,4,0,12.63,22.48,22.89,20.618571428571432,22.812333333333335
2022-07-30,0,29.6,78,20.02,4,1,0.02,2022,7,30,5,1,31.02,25.32,16.71,19.861428571428572,22.922666666666668
2022-07-31,3,32.3,71,20.73,4,0,1.28,2022,7,31,6,1,20.02,16.83,17.73,20.41857142857143,23.02266666666667
2022-08-01,0,32.2,87,18.23,2,0,0.77,2022,8,1,0,0,20.73,22.18,29.12,19.854285714285712,22.65966666666667
2022-08-02,2,33.0,68,20.27,7,1,0.7,2022,8,2,1,0,18.23,9.09,30.62,21.451428571428572,22.314666666666668
2022-08-03,0,41.3,45,30.51,5,0,0.3,2022,8,3,2,0,20.27,27.26,20.57,21.915714285714284,22.646
2022-08-04,0,33.2,62,7.07,6,1,0.84,2022,8,4,3,0,30.51,12.63,22.28,21.12142857142857,22.139
2022-08-05,3,28.3,78,29.66,2,2,6.24,2022,8,5,4,0,7.07,31.02,16.57,20.927142857142858,22.575333333333333
2022-08-06,3,36.7,50,24.03,4,1,0.53,2022,8,6,5,1,29.66,20.02,29.04,21.5,22.408333333333335
2022-08-07,1,38.3,38,14.76,5,1,1.37,2022,8,7,6,1,24.03,20.73,25.99,20.647142857142857,22.034
2022-08-08,1,21.4,35,15.55,8,0,2.25,2022,8,8,0,0,14.76,18.23,33.65,20.264285714285712,21.430666666666664
2022-08-09,2,34.2,80,32.06,6,2,2.07,2022,8,9,1,0,15.55,20.27,16.73,21.948571428571427,21.941666666666666
2022-08-10,1,34.9,74,16.33,3,1,0.6,2022,8,10,2,0,32.06,30.51,19.73,19.922857142857143,21.82833333333333
2022-08-11,0,27.9,64,15.08,5,2,1.42,2022,8,11,3,0,16.33,7.07,23.39,21.067142857142862,21.551333333333332
2022-08-12,3,39.6,68,28.82,6,2,3.07,2022,8,12,4,0,15.08,29.66,25.88,20.947142857142858,21.649333333333335
2022-08-13,1,28.9,51,24.03,2,0,0.02,2022,8,13,5,1,28.82,24.03,20.71,20.947142857142858,21.759999999999998
2022-08-14,1,30.9,70,16.37,3,1,0.86,2022,8,14,6,1,24.03,14.76,16.76,21.177142857142858,21.747
2022-08-15,2,28.8,83,23.3,6,0,0.38,2022,8,15,0,0,16.37,15.55,27.29,22.284285714285716,21.613999999999997
2022-08-16,2,30.1,34,15.85,6,1,0.74,2022,8,16,1,0,23.3,32.06,26.33,19.96857142857143,21.264666666666663
2022-08-17,0,22.3,71,28.6,4,2,0.81,2022,8,17,2,0,15.85,16.33,16.5,21.72142857142857,21.668
2022-08-18,3,19.9,52,28.37,7,1,2.06,2022,8,18,3,0,28.6,15.08,30.13,23.62,21.609333333333332
2022-08-19,2,41.2,46,25.19,5,1,0.15,2022,8,19,4,0,28.37,28.82,29.02,23.101428571428574,21.481666666666666
2022-08-20,1,24.1,41,24.17,4,2,1.08,2022,8,20,5,1,25.19,24.03,22.81,23.12142857142857,21.527
2022-08-21,3,23.1,52,32.57,8,2,1.25,2022,8,21,6,1,24.17,16.37,22.48,25.435714285714287,21.863333333333333
2022-08-22,3,14.9,45,22.0,3,1,1.02,2022,8,22,0,0,32.57,23.3,25.32,25.25,21.752666666666663
2022-08-23,1,25.5,32,14.91,7,0,1.97,2022,8,23,1,0,22.0,15.85,16.83,25.11571428571429,21.68866666666667
2022-08-24,2,20.7,59,24.7,6,1,0.73,2022,8,24,2,0,14.91,28.6,22.18,24.55857142857143,21.772666666666666
2022-08-25,1,41.5,86,34.52,4,2,4.35,2022,8,25,3,0,24.7,28.37,9.09,25.437142857142856,22.620333333333335
2022-08-26,3,37.1,51,15.91,7,0,0.99,2022,8,26,4,0,34.52,25.19,27.26,24.111428571428572,22.242
2022-08-27,4,25.2,38,19.83,8,2,1.27,2022,8,27,5,1,15.91,24.17,12.63,23.49142857142857,22.481999999999996
2022-08-28,4,45.8,58,24.5,5,2,2.62,2022,8,28,6,1,19.83,32.57,31.02,22.33857142857143,22.264666666666663
2022-08-29,0,36.9,76,21.68,8,0,0.48,2022,8,29,0,0,24.5,22.0,20.02,22.292857142857144,22.32
2022-08-30,1,27.7,66,16.11,3,2,0.12,2022,8,30,1,0,21.68,14.91,20.73,22.464285714285715,22.166
2022-08-31,1,12.5,52,28.73,2,2,1.85,2022,8,31,2,0,16.11,24.7,18.23,23.04,22.516000000000002
2022-09-01,0,46.0,42,35.92,4,2,0.99,2022,9,1,3,0,28.73,34.52,20.27,23.240000000000002,23.037666666666667
2022-09-02,0,20.3,61,23.18,3,2,3.4,2022,9,2,4,0,35.92,15.91,30.51,24.27857142857143,22.793333333333333
2022-09-03,0,18.5,75,16.58,2,2,6.08,2022,9,3,5,1,23.18,19.83,7.07,23.814285714285717,23.110333333333337
2022-09-04,3,37.2,81,12.71,4,2,0.76,2022,9,4,6,1,16.58,24.5,29.66,22.130000000000003,22.545333333333335
2022-09-05,1,47.1,76,23.55,3,2,0.81,2022,9,5,0,0,12.71,21.68,24.03,22.397142857142857,22.529333333333334
2022-09-06,3,39.7,77,28.62,8,2,0.79,2022,9,6,1,0,23.55,16.11,14.76,24.184285714285714,22.991333333333333
2022-09-07,0,33.9,52,24.85,3,2,0.59,2022,9,7,2,0,28.62,28.73,15.55,23.63,23.301333333333336
2022-09-08,1,34.2,74,21.99,7,1,2.28,2022,9,8,3,0,24.85,35.92,32.06,21.640000000000004,22.965666666666667
2022-09-09,3,36.0,46,18.46,8,1,2.13,2022,9,9,4,0,21.99,23.18,16.33,20.965714285714288,23.03666666666667
2022-09-10,3,35.3,84,15.45,4,2,0.98,2022,9,10,5,1,18.46,16.58,15.08,20.804285714285715,23.049
2022-09-11,0,32.0,69,27.01,3,1,0.07,2022,9,11,6,1,15.45,12.71,28.82,22.84714285714286,22.988666666666667
2022-09-12,1,30.7,50,27.48,6,0,0.56,2022,9,12,0,0,27.01,23.55,24.03,23.40857142857143,23.103666666666665
2022-09-13,0,29.6,31,12.73,4,1,0.52,2022,9,13,1,0,27.48,28.62,16.37,21.138571428571428,22.982333333333333
2022-09-14,1,24.7,66,31.54,3,2,2.5,2022,9,14,2,0,12.73,24.85,23.3,22.094285714285714,23.257
2022-09-15,4,28.0,35,25.44,7,2,0.14,2022,9,15,3,0,31.54,21.99,15.85,22.587142857142858,23.576666666666668
2022-09-16,2,18.1,73,30.4,2,1,2.46,2022,9,16,4,0,25.44,18.46,28.6,24.29285714285714,23.636666666666667
2022-09-17,2,29.3,47,13.95,2,2,1.66,2022,9,17,5,1,30.4,15.45,28.37,24.07857142857143,23.156
2022-09-18,2,23.1,59,13.81,6,0,1.98,2022,9,18,6,1,13.95,27.01,25.19,22.192857142857147,22.776666666666667
2022-09-19,0,22.3,51,21.11,4,0,0.85,2022,9,19,0,0,13.81,27.48,24.17,21.282857142857143,22.674666666666667
2022-09-20,4,31.3,83,25.02,7,2,1.71,2022,9,20,1,0,21.11,12.73,32.57,23.03857142857143,22.423000000000002
2022-09-21,1,39.7,62,32.78,3,0,1.41,2022,9,21,2,0,25.02,31.54,22.0,23.215714285714284,22.782333333333334
2022-09-22,3,36.4,59,26.24,3,0,2.2,2022,9,22,3,0,32.78,25.44,14.91,23.330000000000002,23.16
2022-09-23,1,19.0,46,20.54,2,1,0.89,2022,9,23,4,0,26.24,30.4,24.7,21.92142857142857,23.021333333333335
2022-09-24,3,23.1,72,15.84,7,0,0.96,2022,9,24,5,1,20.54,13.95,34.52,22.191428571428567,22.398666666666667
2022-09-25,1,36.6,61,29.38,8,1,1.55,2022,9,25,6,1,15.84,13.81,15.91,24.41571428571428,22.847666666666665
2022-09-26,4,23.1,71,16.21,6,2,0.17,2022,9,26,0,0,29.38,21.11,19.83,23.715714285714284,22.727
2022-09-27,3,28.4,80,31.77,2,1,0.86,2022,9,27,1,0,16.21,25.02,24.5,24.68,22.969333333333335
2022-09-28,0,33.9,43,20.29,2,2,5.36,2022,9,28,2,0,31.77,32.78,21.68,22.895714285714288,22.923
2022-09-29,1,23.2,87,31.54,6,2,0.06,2022,9,29,3,0,20.29,26.24,16.11,23.65285714285714,23.437333333333335
2022-09-30,1,30.7,39,26.07,4,2,0.57,2022,9,30,4,0,31.54,20.54,28.73,24.442857142857147,23.348666666666666
2022-10-01,3,20.7,76,21.18,3,2,0.57,2022,10,1,5,1,26.07,15.84,35.92,25.205714285714286,22.857333333333333
2022-10-02,0,25.8,89,18.88,4,2,1.51,2022,10,2,6,1,21.18,29.38,23.18,23.705714285714286,22.714000000000002
2022-10-03,0,32.2,80,19.95,7,1,0.17,2022,10,3,0,0,18.88,16.21,16.58,24.240000000000002,22.82633333333333
2022-10-04,4,18.8,65,24.57,8,2,1.49,2022,10,4,1,0,19.95,31.77,12.71,23.21142857142857,23.221666666666668
2022-10-05,0,33.1,63,22.46,5,0,0.15,2022,10,5,2,0,24.57,20.29,23.55,23.521428571428572,23.185333333333332
2022-10-06,0,29.9,38,18.44,5,0,0.15,2022,10,6,3,0,22.46,31.54,28.62,21.650000000000002,22.846
2022-10-07,0,33.9,71,21.01,5,2,1.95,2022,10,7,4,0,18.44,26.07,24.85,20.927142857142858,22.718
2022-10-08,2,31.6,57,22.47,6,0,0.59,2022,10,8,5,1,21.01,21.18,21.99,21.111428571428572,22.733999999999998
2022-10-09,4,39.5,40,9.23,2,1,5.69,2022,10,9,6,1,22.47,18.88,18.46,19.732857142857142,22.426333333333336
2022-10-10,1,30.9,43,24.75,8,1,0.06,2022,10,10,0,0,9.23,19.95,15.45,20.41857142857143,22.736333333333334
2022-10-11,3,27.0,68,16.12,4,2,0.88,2022,10,11,1,0,24.75,24.57,27.01,19.211428571428574,22.373333333333335
2022-10-12,1,30.9,84,15.08,3,2,0.18,2022,10,12,2,0,16.12,22.46,27.48,18.157142857142855,21.959999999999997
2022-10-13,4,33.8,76,11.88,5,2,0.65,2022,10,13,3,0,15.08,18.44,12.73,17.22,21.931666666666665
2022-10-14,3,30.3,83,11.24,4,0,9.5,2022,10,14,4,0,11.88,21.01,31.54,15.824285714285717,21.255
2022-10-15,4,30.3,48,13.87,5,0,3.3,2022,10,15,5,1,11.24,22.47,25.44,14.595714285714289,20.86933333333333
2022-10-16,0,25.1,83,17.75,8,1,0.07,2022,10,16,6,1,13.87,9.23,30.4,15.812857142857142,20.447666666666667
2022-10-17,3,25.4,44,33.72,5,0,1.24,2022,10,17,0,0,17.75,24.75,13.95,17.094285714285714,21.10666666666667
2022-10-18,0,20.2,57,18.84,3,1,1.57,2022,10,18,1,0,33.72,16.12,13.81,17.482857142857142,21.274333333333335
2022-10-19,1,42.2,53,23.07,7,0,0.35,2022,10,19,2,0,18.84,15.08,21.11,18.624285714285715,21.339666666666666
2022-10-20,1,21.3,37,24.4,7,1,0.24,2022,10,20,3,0,23.07,11.88,25.02,20.412857142857145,21.319
2022-10-21,3,25.1,72,22.79,8,2,3.52,2022,10,21,4,0,24.4,11.24,32.78,22.062857142857144,20.986
2022-10-22,3,25.0,38,21.54,7,0,5.2,2022,10,22,5,1,22.79,13.87,26.24,23.158571428571427,20.829333333333334
2022-10-23,4,36.3,76,14.83,6,1,7.22,2022,10,23,6,1,21.54,17.75,20.54,22.74142857142857,20.639000000000003
2022-10-24,4,27.9,62,30.71,2,0,2.34,2022,10,24,0,0,14.83,33.72,15.84,22.31142857142857,21.134666666666664
2022-10-25,0,38.7,62,32.84,6,2,1.63,2022,10,25,1,0,30.71,18.84,29.38,24.31142857142857,21.25
2022-10-26,3,25.3,48,11.9,4,1,0.64,2022,10,26,2,0,32.84,23.07,16.21,22.715714285714284,21.106333333333332
2022-10-27,1,32.0,32,15.86,6,0,0.28,2022,10,27,3,0,11.9,24.4,31.77,21.495714285714286,20.576
2022-10-28,4,24.2,39,20.32,4,0,0.12,2022,10,28,4,0,15.86,22.79,20.29,21.142857142857142,20.577
2022-10-29,4,45.0,69,16.21,4,2,1.77,2022,10,29,5,1,20.32,21.54,31.54,20.381428571428575,20.065999999999995
2022-10-30,1,21.7,76,25.04,2,2,2.3,2022,10,30,6,1,16.21,14.83,26.07,21.84,20.03166666666667
2022-10-31,4,32.2,71,17.63,3,1,2.63,2022,10,31,0,0,25.04,30.71,21.18,19.97142857142857,19.913333333333334
2022-11-01,0,34.4,30,34.99,8,0,3.68,2022,11,1,1,0,17.63,32.84,18.88,20.27857142857143,20.450333333333333
2022-11-02,3,32.9,58,29.14,2,0,3.18,2022,11,2,2,0,34.99,11.9,19.95,22.74142857142857,20.756666666666668
2022-11-03,1,28.7,79,23.28,8,2,12.39,2022,11,3,3,0,29.14,15.86,24.57,23.801428571428573,20.713666666666665
2022-11-04,3,29.1,63,28.16,7,2,0.42,2022,11,4,4,0,23.28,20.32,22.46,24.921428571428574,20.903666666666666
2022-11-05,4,30.3,80,28.64,7,1,2.16,2022,11,5,5,1,28.16,16.21,18.44,26.69714285714286,21.24366666666667
2022-11-06,4,29.0,42,18.62,6,0,1.32,2022,11,6,6,1,28.64,25.04,21.01,25.780000000000005,21.164
2022-11-07,1,36.7,83,17.1,4,0,0.45,2022,11,7,0,0,18.62,17.63,22.47,25.704285714285714,20.985
2022-11-08,0,45.5,30,22.47,5,1,6.02,2022,11,8,1,0,17.1,34.99,9.23,23.915714285714284,21.426333333333332
2022-11-09,2,26.1,63,27.17,5,1,3.42,2022,11,9,2,0,22.47,29.14,24.75,23.634285714285713,21.506999999999998
2022-11-10,1,20.4,58,22.83,8,2,0.21,2022,11,10,3,0,27.17,23.28,16.12,23.57,21.730666666666664
2022-11-11,2,29.4,77,12.54,4,2,0.04,2022,11,11,4,0,22.83,28.16,15.08,21.33857142857143,21.646
2022-11-12,2,48.1,76,17.18,8,1,1.75,2022,11,12,5,1,12.54,28.64,11.88,19.701428571428572,21.82266666666667
2022-11-13,0,24.4,42,21.56,2,1,1.39,2022,11,13,6,1,17.18,18.62,11.24,20.12142857142857,22.166666666666668
2022-11-14,2,41.5,77,21.55,3,0,4.12,2022,11,14,0,0,21.56,17.1,13.87,20.75714285714286,22.422666666666668
2022-11-15,2,41.7,78,33.84,2,1,0.4,2022,11,15,1,0,21.55,22.47,17.75,22.381428571428575,22.959
2022-11-16,0,26.1,82,13.68,4,1,0.13,2022,11,16,2,0,33.84,27.17,33.72,20.454285714285714,22.291
2022-11-17,2,34.0,58,25.03,4,0,0.45,2022,11,17,3,0,13.68,22.83,18.84,20.768571428571427,22.497333333333334
2022-11-18,2,41.4,68,30.93,3,1,0.03,2022,11,18,4,0,25.03,12.54,23.07,23.395714285714284,22.759333333333338
2022-11-19,2,27.3,53,35.63,8,2,0.05,2022,11,19,5,1,30.93,17.18,24.4,26.031428571428574,23.13366666666667
2022-11-20,1,28.6,55,19.57,6,2,3.7,2022,11,20,6,1,35.63,21.56,22.79,25.747142857142858,23.026333333333334
2022-11-21,1,25.9,46,24.95,6,0,0.65,2022,11,21,0,0,19.57,21.55,21.54,26.232857142857142,23.14
2022-11-22,1,22.9,36,25.42,3,1,0.79,2022,11,22,1,0,24.95,33.84,14.83,25.03,23.493
2022-11-23,0,25.5,42,23.17,6,2,0.03,2022,11,23,2,0,25.42,13.68,30.71,26.38571428571429,23.24166666666667
2022-11-24,4,21.4,34,21.41,5,2,0.47,2022,11,24,3,0,23.17,25.03,32.84,25.868571428571432,22.860666666666667
2022-11-25,2,30.2,55,24.62,6,2,2.45,2022,11,25,4,0,21.41,30.93,11.9,24.967142857142857,23.28466666666667
2022-11-26,2,24.6,78,6.81,6,2,1.43,2022,11,26,5,1,24.62,35.63,15.86,20.849999999999998,22.983
2022-11-27,0,31.6,32,26.09,6,1,2.1,2022,11,27,6,1,6.81,19.57,20.32,21.78142857142857,23.175333333333334
2022-11-28,2,19.1,36,22.76,5,1,0.89,2022,11,28,0,0,26.09,24.95,16.21,21.46857142857143,23.393666666666668
2022-11-29,1,32.3,87,20.67,8,1,0.56,2022,11,29,1,0,22.76,25.42,25.04,20.79,23.247999999999998
2022-11-30,4,35.8,78,34.28,6,1,0.99,2022,11,30,2,0,20.67,23.17,17.63,22.37714285714286,23.803
2022-12-01,3,16.0,68,17.95,7,2,0.59,2022,12,1,3,0,34.28,21.41,34.99,21.882857142857144,23.235
2022-12-02,2,32.6,82,19.58,5,0,2.74,2022,12,2,4,0,17.95,24.62,29.14,21.162857142857145,22.916333333333334
2022-12-03,1,38.6,30,33.95,3,0,0.53,2022,12,3,5,1,19.58,6.81,23.28,25.04,23.272000000000002
2022-12-04,3,21.5,78,17.01,2,2,1.62,2022,12,4,6,1,33.95,26.09,28.16,23.74285714285714,22.900333333333336
2022-12-05,4,41.7,46,18.7,3,2,0.22,2022,12,5,0,0,17.01,22.76,28.64,23.162857142857145,22.569
2022-12-06,3,32.9,72,21.12,2,0,1.74,2022,12,6,1,0,18.7,20.67,18.62,23.22714285714286,22.652333333333335
2022-12-07,1,25.1,54,27.04,3,0,3.67,2022,12,7,2,0,21.12,34.28,17.1,22.192857142857143,22.983666666666668
2022-12-08,3,29.6,88,23.25,7,2,1.41,2022,12,8,3,0,27.04,17.95,22.47,22.95,23.009666666666664
2022-12-09,0,33.9,32,14.24,2,2,1.23,2022,12,9,4,0,23.25,19.58,27.17,22.187142857142856,22.578666666666667
2022-12-10,3,30.5,44,18.81,2,1,4.87,2022,12,10,5,1,14.24,33.95,22.83,20.024285714285718,22.444666666666667
2022-12-11,2,33.8,58,18.36,4,1,1.48,2022,12,11,6,1,18.81,17.01,12.54,20.217142857142854,22.63866666666667
2022-12-12,2,23.6,82,21.54,2,0,0.45,2022,12,12,0,0,18.36,18.7,17.18,20.622857142857146,22.784
2022-12-13,0,31.2,72,24.56,2,2,0.52,2022,12,13,1,0,21.54,21.12,21.56,21.114285714285717,22.884000000000004
2022-12-14,1,20.1,61,24.51,4,0,1.83,2022,12,14,2,0,24.56,27.04,21.55,20.752857142857142,22.982666666666667
2022-12-15,2,29.2,55,11.34,6,1,1.99,2022,12,15,3,0,24.51,23.25,33.84,19.05142857142857,22.232666666666667
2022-12-16,4,23.7,89,28.38,6,1,0.54,2022,12,16,4,0,11.34,14.24,13.68,21.071428571428573,22.722666666666665
2022-12-17,2,24.9,45,23.52,4,0,0.64,2022,12,17,5,1,28.38,18.81,25.03,21.744285714285716,22.672333333333334
2022-12-18,2,38.7,54,30.31,5,1,7.08,2022,12,18,6,1,23.52,18.36,30.93,23.451428571428576,22.651666666666664
2022-12-19,1,37.6,83,24.67,2,2,0.16,2022,12,19,0,0,30.31,21.54,35.63,23.898571428571426,22.28633333333333
2022-12-20,3,34.3,57,28.61,2,0,0.78,2022,12,20,1,0,24.67,24.56,19.57,24.477142857142855,22.587666666666667
2022-12-21,2,22.4,38,24.8,4,2,0.1,2022,12,21,2,0,28.61,24.51,24.95,24.518571428571427,22.582666666666668
2022-12-22,0,27.8,85,30.08,4,2,2.58,2022,12,22,3,0,24.8,11.34,25.42,27.195714285714285,22.738
2022-12-23,3,38.5,85,25.13,5,1,0.15,2022,12,23,4,0,30.08,28.38,23.17,26.731428571428573,22.80333333333333
2022-12-24,4,31.0,30,21.41,7,2,1.68,2022,12,24,5,1,25.13,23.52,21.41,26.43,22.803333333333335
2022-12-25,1,46.2,58,35.63,6,0,0.09,2022,12,25,6,1,21.41,30.31,24.62,27.189999999999998,23.170333333333335
2022-12-26,4,32.8,86,27.33,3,2,1.68,2022,12,26,0,0,35.63,24.67,6.81,27.57,23.854333333333333
2022-12-27,3,31.3,51,25.44,7,2,2.78,2022,12,27,1,0,27.33,28.61,26.09,27.117142857142856,23.832666666666668
2022-12-28,3,27.8,45,14.34,8,2,0.76,2022,12,28,2,0,25.44,24.8,22.76,25.622857142857146,23.552
2022-12-29,3,30.9,70,14.27,6,2,1.11,2022,12,29,3,0,14.34,30.08,20.67,23.36428571428571,23.33866666666667
2022-12-30,4,28.9,80,23.76,2,2,0.77,2022,12,30,4,0,14.27,25.13,34.28,23.16857142857143,22.988
2022-12-31,3,35.0,73,22.87,8,1,0.54,2022,12,31,5,1,23.76,21.41,17.95,23.377142857142854,23.152
2023-01-01,4,36.7,80,18.32,7,0,2.44,2023,1,1,6,1,22.87,35.63,19.58,20.904285714285717,23.11
2023-01-02,3,24.5,83,22.85,4,1,0.48,2023,1,2,0,0,18.32,27.33,33.95,20.264285714285712,22.74
2023-01-03,0,20.7,70,31.53,5,0,1.93,2023,1,3,1,0,22.85,25.44,17.01,21.134285714285713,23.223999999999997
2023-01-04,3,17.1,36,26.17,6,0,0.35,2023,1,4,2,0,31.53,14.34,18.7,22.824285714285715,23.473000000000003
2023-01-05,4,33.6,43,15.15,5,0,0.43,2023,1,5,3,0,26.17,14.27,21.12,22.95,23.274
2023-01-06,2,22.3,58,21.33,8,0,0.62,2023,1,6,4,0,15.15,23.76,27.04,22.602857142857143,23.08366666666667
2023-01-07,3,14.9,48,17.17,6,0,1.33,2023,1,7,5,1,21.33,22.87,23.25,21.78857142857143,22.881000000000004
2023-01-08,2,32.7,48,19.67,7,2,0.91,2023,1,8,6,1,17.17,18.32,14.24,21.981428571428573,23.062
2023-01-09,0,47.5,31,19.52,2,1,2.05,2023,1,9,0,0,19.67,22.85,18.81,21.505714285714287,23.085666666666665
2023-01-10,1,30.0,70,19.13,3,1,0.36,2023,1,10,1,0,19.52,31.53,18.36,19.73428571428571,23.11133333333333
2023-01-11,0,35.9,74,14.47,5,2,0.02,2023,1,11,2,0,19.13,26.17,21.54,18.062857142857144,22.875666666666667
2023-01-12,3,30.6,44,21.23,5,0,2.25,2023,1,12,3,0,14.47,15.15,24.56,18.931428571428572,22.764666666666663
2023-01-13,2,29.3,32,18.64,3,1,2.59,2023,1,13,4,0,21.23,21.33,24.51,18.547142857142855,22.569
2023-01-14,2,36.4,40,4.42,5,2,0.09,2023,1,14,5,1,18.64,17.17,11.34,16.725714285714286,22.338333333333335
2023-01-15,4,28.0,82,34.32,5,2,1.42,2023,1,15,6,1,4.42,19.67,28.38,18.818571428571428,22.536333333333335
2023-01-16,2,31.9,75,28.53,6,1,0.71,2023,1,16,0,0,34.32,19.52,23.52,20.10571428571429,22.70333333333333
2023-01-17,4,32.3,59,19.74,6,1,2.37,2023,1,17,1,0,28.53,19.13,30.31,20.192857142857143,22.351
2023-01-18,1,25.3,86,22.11,3,0,3.11,2023,1,18,2,0,19.74,14.47,24.67,21.284285714285716,22.265666666666668
2023-01-19,3,36.9,69,14.97,8,0,2.86,2023,1,19,3,0,22.11,21.23,28.61,20.389999999999997,21.811
2023-01-20,4,28.8,47,32.17,2,1,2.25,2023,1,20,4,0,14.97,18.64,24.8,22.322857142857142,22.056666666666665
2023-01-21,1,24.7,80,33.38,7,0,0.47,2023,1,21,5,1,32.17,4.42,30.08,26.460000000000004,22.166666666666668
2023-01-22,2,33.8,77,22.94,7,2,2.51,2023,1,22,6,1,33.38,34.32,25.13,24.834285714285716,22.093666666666667
2023-01-23,2,23.7,31,28.14,8,0,1.14,2023,1,23,0,0,22.94,28.53,21.41,24.77857142857143,22.317999999999998
2023-01-24,1,30.2,61,23.05,5,0,0.08,2023,1,24,1,0,28.14,19.74,35.63,25.251428571428573,21.898666666666667
2023-01-25,2,29.9,37,13.98,2,2,0.92,2023,1,25,2,0,23.05,22.11,27.33,24.09,21.453666666666667
2023-01-26,1,37.6,51,19.53,3,0,4.28,2023,1,26,3,0,13.98,14.97,25.44,24.74142857142857,21.256666666666668
2023-01-27,4,33.3,35,22.79,8,2,3.28,2023,1,27,4,0,19.53,32.17,14.34,23.40142857142857,21.538333333333338
2023-01-28,4,29.8,41,19.27,3,0,0.16,2023,1,28,5,1,22.79,33.38,14.27,21.385714285714283,21.705
2023-01-29,1,35.7,76,20.69,6,1,2.04,2023,1,29,6,1,19.27,22.94,23.76,21.064285714285713,21.602666666666668
2023-01-30,4,39.7,86,21.45,5,0,2.46,2023,1,30,0,0,20.69,28.14,22.87,20.108571428571427,21.555333333333333
2023-01-31,4,33.9,69,21.51,4,1,0.47,2023,1,31,1,0,21.45,23.05,18.32,19.888571428571428,21.66166666666667
2023-02-01,4,30.1,65,22.31,3,1,0.96,2023,2,1,2,0,21.51,13.98,22.85,21.07857142857143,21.643666666666668
2023-02-02,0,20.8,44,15.64,8,1,1.86,2023,2,2,3,0,22.31,19.53,31.53,20.52285714285714,21.114
2023-02-03,3,22.5,57,17.7,5,1,0.87,2023,2,3,4,0,15.64,22.79,26.17,19.795714285714286,20.831666666666663
2023-02-04,2,27.9,81,14.29,2,1,0.18,2023,2,4,5,1,17.7,19.27,15.15,19.084285714285716,20.803
2023-02-05,0,25.7,86,27.87,8,2,1.84,2023,2,5,6,1,14.29,20.69,21.33,20.109999999999996,21.021
2023-02-06,4,28.7,78,9.37,6,2,3.64,2023,2,6,0,0,27.87,21.45,17.17,18.384285714285713,20.761000000000003
2023-02-07,1,30.4,74,28.92,7,2,1.59,2023,2,7,1,0,9.37,21.51,19.67,19.442857142857143,21.069333333333336
2023-02-08,4,33.7,47,30.32,2,1,2.23,2023,2,8,2,0,28.92,22.31,19.52,20.587142857142858,21.429333333333336
2023-02-09,3,29.5,31,20.19,3,0,0.67,2023,2,9,3,0,30.32,15.64,19.13,21.23714285714286,21.464666666666666
2023-02-10,4,33.4,42,6.38,3,2,0.3,2023,2,10,4,0,20.19,17.7,14.47,19.62,21.195
2023-02-11,1,30.5,74,19.83,2,0,1.54,2023,2,11,5,1,6.38,14.29,21.23,20.41142857142857,21.148333333333333
2023-02-12,3,16.2,83,21.61,3,0,0.6,2023,2,12,6,1,19.83,27.87,18.64,19.517142857142858,21.247333333333337
2023-02-13,4,23.4,44,15.94,8,1,2.95,2023,2,13,0,0,21.61,9.37,4.42,20.455714285714286,21.63133333333333
2023-02-14,3,29.0,49,18.91,5,1,0.2,2023,2,14,1,0,15.94,28.92,34.32,19.025714285714287,21.117666666666665
2023-02-15,2,21.5,58,31.18,3,1,0.85,2023,2,15,2,0,18.91,30.32,28.53,19.148571428571426,21.206000000000003
2023-02-16,2,34.2,88,25.99,6,2,0.76,2023,2,16,3,0,31.18,20.19,19.74,19.97714285714286,21.414333333333335
2023-02-17,4,40.7,71,16.45,5,1,4.17,2023,2,17,4,0,25.99,6.38,22.11,21.415714285714284,21.225666666666665
2023-02-18,3,38.5,58,12.41,8,2,0.25,2023,2,18,5,1,16.45,19.83,14.97,20.35571428571428,21.140333333333334
2023-02-19,1,28.5,32,20.04,4,2,0.01,2023,2,19,6,1,12.41,21.61,32.17,20.131428571428575,20.736
2023-02-20,4,40.4,48,20.72,3,2,0.41,2023,2,20,0,0,20.04,15.94,33.38,20.814285714285713,20.314000000000004
2023-02-21,2,31.0,32,24.98,3,2,2.57,2023,2,21,1,0,20.72,18.91,22.94,21.68142857142857,20.382
2023-02-22,2,27.6,83,18.79,6,1,0.35,2023,2,22,2,0,24.98,31.18,28.14,19.91142857142857,20.070333333333334
2023-02-23,4,25.7,43,25.07,8,2,0.41,2023,2,23,3,0,18.79,25.99,23.05,19.779999999999998,20.137666666666664
2023-02-24,3,27.9,69,33.61,6,1,0.21,2023,2,24,4,0,25.07,16.45,13.98,22.231428571428573,20.791999999999998
2023-02-25,2,27.3,88,26.89,7,1,1.89,2023,2,25,5,1,33.61,12.41,19.53,24.300000000000004,21.03733333333333
2023-02-26,3,31.2,84,21.71,8,2,0.11,2023,2,26,6,1,26.89,20.04,22.79,24.538571428571426,21.00133333333333
2023-02-27,2,31.1,33,20.9,2,1,0.6,2023,2,27,0,0,21.71,20.72,19.27,24.564285714285713,21.055666666666664
2023-02-28,2,30.0,88,19.86,2,0,0.5,2023,2,28,1,0,20.9,24.98,20.69,23.83285714285714,21.028
2023-03-01,0,33.1,89,29.08,2,1,1.22,2023,3,1,2,0,19.86,18.79,21.45,25.302857142857142,21.282333333333334
2023-03-02,2,38.3,81,18.24,6,1,1.97,2023,3,2,3,0,29.08,25.07,21.51,24.32714285714286,21.173333333333336
2023-03-03,1,36.6,40,22.27,2,2,1.14,2023,3,3,4,0,18.24,33.61,22.31,22.707142857142856,21.172
2023-03-04,4,19.6,87,22.31,8,2,4.01,2023,3,4,5,1,22.27,26.89,15.64,22.052857142857142,21.394333333333332
2023-03-05,4,12.1,60,18.99,2,1,4.54,2023,3,5,6,1,22.31,21.71,17.7,21.664285714285715,21.437333333333335
2023-03-06,3,36.5,72,13.77,4,2,0.67,2023,3,6,0,0,18.99,20.9,14.29,20.645714285714284,21.419999999999998
2023-03-07,2,20.4,61,23.94,2,0,2.26,2023,3,7,1,0,13.77,19.86,27.87,21.228571428571428,21.288999999999998
2023-03-08,1,28.4,56,21.63,3,0,2.01,2023,3,8,2,0,23.94,29.08,9.37,20.164285714285715,21.697666666666667
2023-03-09,3,21.8,59,25.0,7,2,3.35,2023,3,9,3,0,21.63,18.24,28.92,21.13,21.567
2023-03-10,0,17.4,72,18.8,6,1,0.89,2023,3,10,4,0,25.0,22.27,30.32,20.634285714285713,21.182999999999996
2023-03-11,3,33.8,31,29.32,5,0,1.13,2023,3,11,5,1,18.8,22.31,20.19,21.635714285714283,21.487333333333332
2023-03-12,3,35.3,78,16.74,7,0,0.81,2023,3,12,6,1,29.32,18.99,6.38,21.314285714285713,21.832666666666668
2023-03-13,2,26.0,38,32.27,4,1,2.85,2023,3,13,0,0,16.74,13.77,19.83,23.95714285714286,22.247333333333334
2023-03-14,0,11.9,57,11.51,6,2,0.39,2023,3,14,1,0,32.27,23.94,21.61,22.18142857142857,21.910666666666664
2023-03-15,3,26.2,60,24.61,8,0,0.41,2023,3,15,2,0,11.51,21.63,15.94,22.607142857142858,22.199666666666666
2023-03-16,1,32.7,89,24.85,6,1,0.7,2023,3,16,3,0,24.61,25.0,18.91,22.585714285714285,22.397666666666666
2023-03-17,1,19.6,63,17.23,3,1,0.39,2023,3,17,4,0,24.85,18.8,31.18,22.361428571428572,21.932666666666666
2023-03-18,4,31.3,85,24.55,8,0,1.23,2023,3,18,5,1,17.23,29.32,25.99,21.68,21.884666666666664
2023-03-19,0,29.9,44,29.68,7,2,0.22,2023,3,19,6,1,24.55,16.74,16.45,23.52857142857143,22.32566666666667
2023-03-20,0,34.1,77,8.7,7,0,0.58,2023,3,20,0,0,29.68,32.27,12.41,20.161428571428576,22.201999999999998
2023-03-21,4,30.8,54,25.02,2,1,3.67,2023,3,21,1,0,8.7,11.51,20.04,22.09142857142857,22.368
2023-03-22,3,23.2,65,7.04,8,0,0.79,2023,3,22,2,0,25.02,24.61,20.72,19.581428571428575,21.912
2023-03-23,0,38.4,37,16.21,3,2,2.07,2023,3,23,3,0,7.04,24.85,24.98,18.34714285714286,21.619666666666664
2023-03-24,1,28.9,38,31.77,2,1,0.18,2023,3,24,4,0,16.21,17.23,18.79,20.424285714285713,22.05233333333333
2023-03-25,1,29.8,87,18.51,2,2,0.43,2023,3,25,5,1,31.77,24.55,25.07,19.56142857142857,21.83366666666667
2023-03-26,2,23.5,87,14.96,6,0,2.47,2023,3,26,6,1,18.51,29.68,33.61,17.458571428571428,21.212
2023-03-27,0,26.9,66,20.81,7,0,2.16,2023,3,27,0,0,14.96,8.7,26.89,19.18857142857143,21.009333333333338
2023-03-28,3,23.8,77,34.41,2,2,0.73,2023,3,28,1,0,20.81,25.02,21.71,20.529999999999998,21.432666666666666
2023-03-29,4,28.8,74,11.01,4,0,4.63,2023,3,29,2,0,34.41,7.04,20.9,21.09714285714286,21.103
2023-03-30,4,42.0,68,15.69,4,2,3.62,2023,3,30,3,0,11.01,16.21,19.86,21.02285714285714,20.964000000000002
2023-03-31,3,20.4,61,30.98,7,0,4.92,2023,3,31,4,0,15.69,31.77,29.08,20.91,21.02733333333333
2023-04-01,2,18.7,87,33.15,4,2,0.84,2023,4,1,5,1,30.98,18.51,18.24,23.00142857142857,21.524333333333335
2023-04-02,4,40.3,81,21.38,6,2,0.33,2023,4,2,6,1,33.15,14.96,22.27,23.91857142857143,21.494666666666667
2023-04-03,0,28.5,46,14.57,3,1,1.48,2023,4,3,0,0,21.38,20.81,22.31,23.027142857142856,21.236666666666668
2023-04-04,2,25.3,64,34.58,5,1,1.73,2023,4,4,1,0,14.57,34.41,18.99,23.051428571428573,21.756333333333334
2023-04-05,0,37.3,66,31.57,2,2,0.2,2023,4,5,2,0,34.58,11.01,13.77,25.98857142857143,22.349666666666668
2023-04-06,1,25.8,48,26.07,5,0,2.32,2023,4,6,3,0,31.57,15.69,23.94,27.47142857142857,22.420666666666666
2023-04-07,2,42.8,73,17.13,3,0,0.03,2023,4,7,4,0,26.07,30.98,21.63,25.49285714285714,22.270666666666667
2023-04-08,4,34.7,58,21.71,3,0,0.99,2023,4,8,5,1,17.13,33.15,25.0,23.85857142857143,22.161
2023-04-09,2,26.6,88,21.04,6,2,0.6,2023,4,9,6,1,21.71,21.38,18.8,23.81,22.235666666666667
2023-04-10,2,45.1,36,23.99,4,2,2.02,2023,4,10,0,0,21.04,14.57,29.32,25.155714285714286,22.058
2023-04-11,2,25.8,57,30.71,4,2,0.56,2023,4,11,1,0,23.99,34.58,16.74,24.60285714285714,22.523666666666667
2023-04-12,2,35.2,38,27.28,3,2,2.63,2023,4,12,2,0,30.71,31.57,32.27,23.990000000000002,22.357333333333333
2023-04-13,0,32.1,57,15.54,6,1,1.36,2023,4,13,3,0,27.28,26.07,11.51,22.485714285714288,22.491666666666667
2023-04-14,1,39.1,35,30.26,6,2,2.37,2023,4,14,4,0,15.54,17.13,24.61,24.361428571428572,22.68
2023-04-15,3,40.9,58,23.88,7,0,6.81,2023,4,15,5,1,30.26,21.71,24.85,24.67142857142857,22.647666666666666
2023-04-16,2,30.2,87,26.12,8,1,1.71,2023,4,16,6,1,23.88,21.04,17.23,25.397142857142857,22.944
2023-04-17,4,24.7,46,30.8,2,0,6.29,2023,4,17,0,0,26.12,23.99,24.55,26.37,23.152333333333335
2023-04-18,2,33.2,45,15.33,8,2,0.04,2023,4,18,1,0,30.8,30.71,29.68,24.17285714285714,22.673999999999996
2023-04-19,4,25.3,52,21.79,4,1,0.62,2023,4,19,2,0,15.33,27.28,8.7,23.38857142857143,23.110333333333337
2023-04-20,0,44.1,60,18.81,3,2,0.17,2023,4,20,3,0,21.79,15.54,25.02,23.85571428571428,22.903333333333332
2023-04-21,4,31.0,32,12.59,7,1,0.46,2023,4,21,4,0,18.81,30.26,7.04,21.33142857142857,23.08833333333333
2023-04-22,3,27.4,50,24.08,5,0,2.74,2023,4,22,5,1,12.59,23.88,16.21,21.360000000000003,23.350666666666665
2023-04-23,1,31.3,55,37.07,4,2,0.05,2023,4,23,6,1,24.08,26.12,31.77,22.924285714285713,23.527333333333335
2023-04-24,4,20.6,65,10.96,2,2,1.1,2023,4,24,0,0,37.07,30.8,18.51,20.09,23.275666666666666
2023-04-25,4,23.2,71,21.81,6,1,1.26,2023,4,25,1,0,10.96,15.33,14.96,21.015714285714285,23.504
2023-04-26,1,38.4,66,25.84,3,1,1.24,2023,4,26,2,0,21.81,21.79,20.81,21.594285714285714,23.671666666666667
2023-04-27,3,25.4,82,22.74,4,2,0.97,2023,4,27,3,0,25.84,18.81,34.41,22.155714285714286,23.282666666666668
2023-04-28,2,22.7,51,21.32,5,1,2.35,2023,4,28,4,0,22.74,12.59,11.01,23.40285714285714,23.62633333333333
2023-04-29,4,33.8,71,14.2,2,2,0.22,2023,4,29,5,1,21.32,24.08,15.69,21.99142857142857,23.576666666666664
2023-04-30,1,38.3,41,23.4,2,1,0.56,2023,4,30,6,1,14.2,37.07,30.98,20.038571428571426,23.324
2023-05-01,0,35.0,71,17.46,7,0,1.43,2023,5,1,0,0,23.4,10.96,33.15,20.967142857142854,22.801
2023-05-02,1,37.0,42,8.86,4,1,1.76,2023,5,2,1,0,17.46,21.81,21.38,19.117142857142856,22.383666666666667
2023-05-03,0,24.7,40,29.17,5,0,0.78,2023,5,3,2,0,8.86,25.84,14.57,19.592857142857145,22.870333333333335
2023-05-04,3,20.0,83,27.75,2,1,3.12,2023,5,4,3,0,29.17,22.74,34.58,20.30857142857143,22.642666666666667
2023-05-05,2,40.5,45,22.31,3,1,0.81,2023,5,5,4,0,27.75,21.32,31.57,20.45,22.334000000000003
2023-05-06,1,27.7,37,23.37,2,2,0.77,2023,5,6,5,1,22.31,14.2,26.07,21.759999999999998,22.243999999999996
2023-05-07,4,28.2,69,28.45,5,1,0.06,2023,5,7,6,1,23.37,23.4,17.13,22.481428571428573,22.621333333333332
2023-05-08,3,39.3,88,23.35,6,1,1.2,2023,5,8,0,0,28.45,17.46,21.71,23.322857142857142,22.676
2023-05-09,1,33.9,86,27.42,6,0,1.85,2023,5,9,1,0,23.35,8.86,21.04,25.974285714285717,22.888666666666666
2023-05-10,4,33.2,69,20.22,7,1,0.18,2023,5,10,2,0,27.42,29.17,23.99,24.695714285714285,22.762999999999998
2023-05-11,1,45.2,74,29.87,4,2,0.55,2023,5,11,3,0,20.22,27.75,30.71,24.99857142857143,22.735
2023-05-12,0,25.5,88,23.92,5,0,2.28,2023,5,12,4,0,29.87,22.31,27.28,25.228571428571428,22.622999999999998
2023-05-13,1,36.5,31,23.16,7,2,0.68,2023,5,13,5,1,23.92,23.37,15.54,25.19857142857143,22.877000000000002
2023-05-14,1,30.4,59,14.38,8,2,0.41,2023,5,14,6,1,23.16,28.45,30.26,23.18857142857143,22.34766666666667
2023-05-15,1,31.9,59,23.72,2,2,1.67,2023,5,15,0,0,14.38,23.35,23.88,23.24142857142857,22.342333333333332
2023-05-16,3,40.7,41,17.01,8,2,0.33,2023,5,16,1,0,23.72,27.42,26.12,21.754285714285714,22.038666666666668
2023-05-17,1,33.6,39,18.17,2,0,3.39,2023,5,17,2,0,17.01,20.22,30.8,21.46142857142857,21.617666666666665
2023-05-18,4,33.8,73,17.11,6,1,0.17,2023,5,18,3,0,18.17,29.87,15.33,19.638571428571428,21.677000000000003
2023-05-19,0,37.5,40,15.6,7,2,1.84,2023,5,19,4,0,17.11,23.92,21.79,18.45,21.470666666666666
2023-05-20,0,27.4,44,34.75,6,0,1.04,2023,5,20,5,1,15.6,23.16,18.81,20.10571428571429,22.002000000000002
2023-05-21,1,24.1,45,29.99,3,2,3.06,2023,5,21,6,1,34.75,14.38,12.59,22.335714285714285,22.581999999999997
2023-05-22,3,22.7,46,33.52,8,1,0.2,2023,5,22,0,0,29.99,23.72,24.08,23.735714285714284,22.89666666666667
2023-05-23,3,16.2,55,14.66,8,0,1.7,2023,5,23,1,0,33.52,17.01,37.07,23.400000000000002,22.14966666666667
2023-05-24,4,44.4,31,22.43,6,0,1.27,2023,5,24,2,0,14.66,18.17,10.96,24.008571428571425,22.531999999999996
2023-05-25,1,22.3,79,14.24,3,1,0.98,2023,5,25,3,0,22.43,17.11,21.81,23.59857142857143,22.279666666666667
2023-05-26,0,28.5,41,17.83,2,0,1.01,2023,5,26,4,0,14.24,15.6,25.84,23.91714285714286,22.012666666666668
2023-05-27,3,28.1,80,16.49,7,1,1.92,2023,5,27,5,1,17.83,34.75,22.74,21.30857142857143,21.804333333333332
2023-05-28,1,32.2,55,29.44,3,0,4.16,2023,5,28,6,1,16.49,29.99,21.32,21.229999999999997,22.075
2023-05-29,3,35.7,52,19.62,7,0,0.14,2023,5,29,0,0,29.44,33.52,14.2,19.244285714285716,22.255666666666666
2023-05-30,3,36.0,47,28.41,8,1,0.03,2023,5,30,1,0,19.62,14.66,23.4,21.208571428571428,22.422666666666668
2023-05-31,0,25.9,61,25.62,7,1,2.46,2023,5,31,2,0,28.41,22.43,17.46,21.664285714285715,22.694666666666667
2023-06-01,2,28.8,78,35.82,8,0,0.17,2023,6,1,3,0,25.62,14.24,8.86,24.747142857142855,23.59333333333333
2023-06-02,4,32.0,67,13.12,3,0,6.48,2023,6,2,4,0,35.82,17.83,29.17,24.074285714285715,23.058333333333334
2023-06-03,4,28.3,86,29.56,8,1,1.45,2023,6,3,5,1,13.12,16.49,27.75,25.94142857142857,23.11866666666667
2023-06-04,0,41.3,76,28.88,4,1,1.58,2023,6,4,6,1,29.56,29.44,22.31,25.861428571428572,23.337666666666667
2023-06-05,3,33.4,32,16.16,8,0,0.33,2023,6,5,0,0,28.88,19.62,23.37,25.367142857142856,23.09733333333333
2023-06-06,1,35.1,67,28.04,6,0,0.41,2023,6,6,1,0,16.16,28.41,28.45,25.314285714285713,23.083666666666666
2023-06-07,3,34.6,32,24.02,3,0,1.62,2023,6,7,2,0,28.04,25.62,23.35,25.085714285714285,23.105999999999998
2023-06-08,0,38.2,59,20.64,2,1,3.61,2023,6,8,3,0,24.02,35.82,27.42,22.917142857142856,22.88
2023-06-09,4,31.3,30,17.06,7,0,6.06,2023,6,9,4,0,20.64,13.12,20.22,23.479999999999997,22.77466666666667
2023-06-10,3,20.9,59,17.69,5,2,0.33,2023,6,10,5,1,17.06,29.56,29.87,21.784285714285712,22.368666666666666
2023-06-11,4,32.8,74,34.3,3,1,0.22,2023,6,11,6,1,17.69,28.88,23.92,22.55857142857143,22.71466666666667
2023-06-12,1,25.4,61,22.0,6,0,0.09,2023,6,12,0,0,34.3,16.16,23.16,23.392857142857142,22.676
2023-06-13,4,26.3,57,26.69,8,1,3.04,2023,6,13,1,0,22.0,28.04,14.38,23.2,23.086333333333332
2023-06-14,4,34.1,50,17.25,7,2,0.52,2023,6,14,2,0,26.69,24.02,23.72,22.232857142857142,22.87066666666667
2023-06-15,2,38.7,87,17.32,4,1,0.0,2023,6,15,3,0,17.25,20.64,17.01,21.75857142857143,22.880999999999997
2023-06-16,2,30.1,75,28.49,2,0,0.38,2023,6,16,4,0,17.32,17.06,18.17,23.391428571428573,23.225
2023-06-17,2,32.2,42,13.9,4,2,0.62,2023,6,17,5,1,28.49,17.69,17.11,22.85,23.118
2023-06-18,4,41.9,56,19.51,5,2,7.06,2023,6,18,6,1,13.9,34.3,15.6,20.737142857142857,23.24833333333333
2023-06-19,0,31.7,65,22.2,3,0,1.11,2023,6,19,0,0,19.51,22.0,34.75,20.76571428571429,22.83
2023-06-20,4,48.2,36,22.67,7,0,0.34,2023,6,20,1,0,22.2,26.69,29.99,20.19142857142857,22.586000000000002
2023-06-21,0,34.0,51,20.93,3,0,0.61,2023,6,21,2,0,22.67,17.25,33.52,20.717142857142857,22.166333333333334
2023-06-22,0,17.7,39,24.37,6,1,0.6,2023,6,22,3,0,20.93,17.32,14.66,21.724285714285713,22.490000000000002
2023-06-23,2,35.3,68,26.16,3,1,0.03,2023,6,23,4,0,24.37,28.49,22.43,21.391428571428573,22.614333333333335
2023-06-24,3,32.7,82,26.41,2,1,0.22,2023,6,24,5,1,26.16,13.9,14.24,23.178571428571427,23.02
2023-06-25,1,39.0,44,16.09,5,0,1.78,2023,6,25,6,1,26.41,19.51,17.83,22.69,22.962
2023-06-26,2,34.7,44,20.3,4,0,0.19,2023,6,26,0,0,16.09,22.2,16.49,22.41857142857143,23.089
2023-06-27,2,29.0,33,29.17,5,1,0.39,2023,6,27,1,0,20.3,22.67,29.44,23.34714285714286,23.080000000000002
2023-06-28,3,21.4,61,27.37,7,2,0.65,2023,6,28,2,0,29.17,20.93,19.62,24.267142857142858,23.338333333333335
2023-06-29,1,28.5,52,13.76,3,1,2.13,2023,6,29,3,0,27.37,24.37,28.41,22.75142857142857,22.85
2023-06-30,4,24.0,84,24.11,7,2,1.31,2023,6,30,4,0,13.76,26.16,25.62,22.458571428571428,22.799666666666667
2023-07-01,4,25.9,35,10.13,4,0,1.75,2023,7,1,5,1,24.11,26.41,35.82,20.132857142857144,21.943333333333335
2023-07-02,2,34.1,53,22.28,7,0,1.26,2023,7,2,6,1,10.13,16.09,13.12,21.017142857142858,22.24866666666667
2023-07-03,1,41.7,49,33.39,6,1,1.73,2023,7,3,0,0,22.28,20.3,29.56,22.88714285714286,22.37633333333333
2023-07-04,2,32.8,87,16.31,5,1,0.0,2023,7,4,1,0,33.39,29.17,28.88,21.050000000000004,21.95733333333333
2023-07-05,0,21.6,66,16.99,4,0,4.01,2023,7,5,2,0,16.31,27.37,16.16,19.56714285714286,21.985
2023-07-06,2,33.1,49,26.58,4,1,0.18,2023,7,6,3,0,16.99,13.76,28.04,21.398571428571433,21.936333333333334
2023-07-07,2,38.4,41,12.74,8,0,0.78,2023,7,7,4,0,26.58,24.11,24.02,19.774285714285714,21.560333333333336
2023-07-08,4,25.7,62,18.2,4,0,2.21,2023,7,8,5,1,12.74,10.13,20.64,20.927142857142858,21.479000000000003
2023-07-09,4,29.1,57,25.58,8,2,0.86,2023,7,9,6,1,18.2,22.28,17.06,21.398571428571426,21.762999999999998
2023-07-10,4,30.1,37,18.19,2,1,4.4,2023,7,10,0,0,25.58,33.39,17.69,19.22714285714286,21.77966666666667
2023-07-11,0,24.5,30,20.58,8,0,0.95,2023,7,11,1,0,18.19,16.31,34.3,19.837142857142855,21.322333333333333
2023-07-12,4,34.5,66,26.47,5,1,3.12,2023,7,12,2,0,20.58,16.99,22.0,21.19142857142857,21.471333333333334
2023-07-13,1,29.2,51,24.53,7,2,2.5,2023,7,13,3,0,26.47,26.58,26.69,20.898571428571426,21.399333333333335
2023-07-14,3,32.9,35,23.6,8,2,5.94,2023,7,14,4,0,24.53,12.74,17.25,22.449999999999996,21.611
2023-07-15,1,23.8,50,19.97,4,1,3.92,2023,7,15,5,1,23.6,18.2,17.32,22.70285714285714,21.699333333333335
2023-07-16,1,26.9,61,24.22,5,1,3.43,2023,7,16,6,1,19.97,25.58,28.49,22.508571428571425,21.557000000000002
2023-07-17,4,35.1,64,21.26,8,0,1.97,2023,7,17,0,0,24.22,18.19,13.9,22.947142857142858,21.802333333333333
2023-07-18,3,27.4,44,24.75,8,2,0.69,2023,7,18,1,0,21.26,20.58,19.51,23.542857142857144,21.977
2023-07-19,3,42.1,34,19.02,4,2,0.17,2023,7,19,2,0,24.75,26.47,22.2,22.478571428571428,21.871
2023-07-20,3,27.2,89,20.9,6,2,1.75,2023,7,20,3,0,19.02,24.53,22.67,21.96,21.812
2023-07-21,0,31.6,85,16.06,6,1,5.77,2023,7,21,4,0,20.9,23.6,20.93,20.882857142857144,21.64966666666667
2023-07-22,4,36.5,75,21.79,8,0,1.95,2023,7,22,5,1,16.06,19.97,24.37,21.142857142857142,21.563666666666666
2023-07-23,3,20.1,79,17.13,6,1,3.96,2023,7,23,6,1,21.79,24.22,26.16,20.13,21.262666666666668
2023-07-24,0,17.7,77,15.32,3,1,2.45,2023,7,24,0,0,17.13,21.26,26.41,19.28142857142857,20.892999999999997
2023-07-25,2,19.3,35,23.55,4,1,0.27,2023,7,25,1,0,15.32,24.75,16.09,19.110000000000003,21.141666666666666
2023-07-26,2,38.8,54,23.28,3,0,0.43,2023,7,26,2,0,23.55,19.02,20.3,19.71857142857143,21.241
2023-07-27,0,26.1,85,26.7,5,1,0.63,2023,7,27,3,0,23.28,20.9,29.17,20.54714285714286,21.158666666666665
2023-07-28,0,47.9,75,19.41,3,2,0.28,2023,7,28,4,0,26.7,16.06,27.37,21.025714285714287,20.89333333333333
2023-07-29,4,26.1,88,24.45,5,2,1.31,2023,7,29,5,1,19.41,21.79,13.76,21.405714285714286,21.249666666666666
2023-07-30,4,31.3,85,25.3,8,2,5.56,2023,7,30,6,1,24.45,17.13,24.11,22.572857142857146,21.28933333333333
2023-07-31,2,40.8,69,24.67,5,0,2.15,2023,7,31,0,0,25.3,15.32,10.13,23.908571428571427,21.773999999999997
2023-08-01,3,44.0,58,17.05,5,1,0.83,2023,8,1,1,0,24.67,23.55,22.28,22.98,21.599666666666668
2023-08-02,2,44.4,36,22.9,7,0,0.01,2023,8,2,2,0,17.05,23.28,33.39,22.92571428571429,21.25
2023-08-03,3,38.5,69,24.18,3,1,0.56,2023,8,3,3,0,22.9,26.7,16.31,22.565714285714282,21.512333333333334
2023-08-04,3,37.2,42,22.04,7,2,1.12,2023,8,4,4,0,24.18,19.41,16.99,22.94142857142857,21.68066666666667
2023-08-05,4,34.1,67,9.48,8,1,0.59,2023,8,5,5,1,22.04,24.45,26.58,20.802857142857142,21.110666666666663
2023-08-06,1,35.4,47,22.96,4,1,0.18,2023,8,6,6,1,9.48,25.3,12.74,20.46857142857143,21.45133333333333
2023-08-07,1,26.1,31,35.28,3,1,0.88,2023,8,7,0,0,22.96,24.67,18.2,21.984285714285715,22.020666666666664
2023-08-08,0,24.3,37,19.84,4,0,0.44,2023,8,8,1,0,35.28,17.05,25.58,22.382857142857144,21.829333333333334
2023-08-09,4,30.0,40,17.63,4,1,3.6,2023,8,9,2,0,19.84,22.9,18.19,21.63,21.810666666666666
2023-08-10,3,28.8,62,24.24,5,1,0.16,2023,8,10,3,0,17.63,24.18,20.58,21.638571428571428,21.932666666666666
2023-08-11,1,26.8,83,23.87,3,1,0.08,2023,8,11,4,0,24.24,22.04,26.47,21.900000000000002,21.846
2023-08-12,3,34.9,67,29.16,4,0,0.01,2023,8,12,5,1,23.87,9.48,24.53,24.71142857142857,22.000333333333334
2023-08-13,1,36.7,77,14.45,6,0,0.6,2023,8,13,6,1,29.16,22.96,23.6,23.495714285714286,21.695333333333334
2023-08-14,1,30.6,56,26.39,4,0,1.62,2023,8,14,0,0,14.45,35.28,19.97,22.225714285714286,21.909333333333333
2023-08-15,1,40.3,49,25.54,6,1,1.97,2023,8,15,1,0,26.39,19.84,24.22,23.04,21.95333333333333
2023-08-16,4,22.0,41,21.15,3,2,0.91,2023,8,16,2,0,25.54,17.63,21.26,23.542857142857144,21.949666666666666
2023-08-17,2,28.6,72,24.03,8,2,1.73,2023,8,17,3,0,21.15,24.24,24.75,23.512857142857143,21.925666666666665
2023-08-18,3,25.0,60,28.18,7,2,0.67,2023,8,18,4,0,24.03,23.87,19.02,24.128571428571426,22.230999999999998
2023-08-19,4,16.9,56,27.23,3,1,1.65,2023,8,19,5,1,28.18,29.16,20.9,23.852857142857143,22.442
2023-08-20,4,29.4,61,15.14,7,2,0.06,2023,8,20,6,1,27.23,14.45,16.06,23.951428571428572,22.411333333333335
2023-08-21,4,29.1,39,26.92,7,2,0.74,2023,8,21,0,0,15.14,26.39,21.79,24.027142857142856,22.582333333333334
2023-08-22,4,40.6,32,21.61,3,2,2.35,2023,8,22,1,0,26.92,25.54,17.13,23.465714285714284,22.731666666666666
2023-08-23,4,34.4,74,22.44,4,1,2.44,2023,8,23,2,0,21.61,21.15,15.32,23.650000000000002,22.969
2023-08-24,0,22.8,56,22.44,2,2,1.89,2023,8,24,3,0,22.44,24.03,23.55,23.422857142857143,22.932000000000002
2023-08-25,3,43.0,64,21.1,4,2,0.34,2023,8,25,4,0,22.44,28.18,23.28,22.411428571428576,22.859333333333332
2023-08-26,4,38.5,60,29.15,4,1,0.43,2023,8,26,5,1,21.1,27.23,26.7,22.685714285714287,22.941
2023-08-27,3,34.1,44,21.5,8,0,8.32,2023,8,27,6,1,29.15,15.14,19.41,23.594285714285718,23.01066666666667
2023-08-28,0,28.4,45,15.28,5,2,0.16,2023,8,28,0,0,21.5,26.92,24.45,21.931428571428572,22.705
2023-08-29,0,23.3,42,19.64,5,0,0.3,2023,8,29,1,0,15.28,21.61,25.3,21.650000000000002,22.516333333333332
2023-08-30,3,27.4,78,23.07,4,2,0.21,2023,8,30,2,0,19.64,22.44,24.67,21.740000000000002,22.463
2023-08-31,1,37.6,64,29.38,6,1,0.6,2023,8,31,3,0,23.07,22.44,17.05,22.73142857142857,22.874
2023-09-01,2,43.2,81,25.62,8,0,0.35,2023,9,1,4,0,29.38,21.1,22.9,23.377142857142854,22.964666666666666
2023-09-02,1,40.8,40,16.9,7,0,1.03,2023,9,2,5,1,25.62,29.15,24.18,21.627142857142854,22.722
2023-09-03,1,26.6,88,36.91,5,0,0.97,2023,9,3,6,1,16.9,21.5,22.04,23.828571428571426,23.217666666666666
2023-09-04,1,22.2,50,23.59,4,0,3.48,2023,9,4,0,0,36.91,15.28,9.48,25.015714285714285,23.688
2023-09-05,4,31.0,80,29.65,8,2,0.05,2023,9,5,1,0,23.59,19.64,22.96,26.445714285714285,23.911
2023-09-06,0,17.6,83,21.09,2,2,0.58,2023,9,6,2,0,29.65,23.07,35.28,26.162857142857142,23.438000000000002
2023-09-07,1,32.3,40,25.2,6,0,1.36,2023,9,7,3,0,21.09,29.38,19.84,25.565714285714286,23.616666666666667
2023-09-08,0,29.0,59,27.04,3,2,1.39,2023,9,8,4,0,25.2,25.62,17.63,25.768571428571427,23.930333333333333
2023-09-09,3,26.7,89,29.31,4,0,0.98,2023,9,9,5,1,27.04,16.9,24.24,27.541428571428572,24.099333333333334
2023-09-10,2,18.8,77,28.34,8,0,2.54,2023,9,10,6,1,29.31,36.91,23.87,26.31714285714286,24.248333333333335
2023-09-11,3,33.6,82,27.23,4,1,0.1,2023,9,11,0,0,28.34,23.59,29.16,26.837142857142855,24.184
2023-09-12,3,26.3,64,20.11,7,0,2.54,2023,9,12,1,0,27.23,29.65,14.45,25.474285714285713,24.372666666666664
2023-09-13,4,21.8,51,18.57,6,2,1.02,2023,9,13,2,0,20.11,21.09,26.39,25.114285714285717,24.112000000000002
2023-09-14,2,9.9,67,24.0,5,0,0.22,2023,9,14,3,0,18.57,25.2,25.54,24.942857142857143,24.06066666666667
2023-09-15,3,29.8,60,27.6,5,1,3.25,2023,9,15,4,0,24.0,27.04,21.15,25.02285714285714,24.275666666666666
2023-09-16,3,42.4,43,20.66,5,2,1.57,2023,9,16,5,1,27.6,29.31,24.03,23.787142857142857,24.163333333333334
2023-09-17,2,41.6,53,28.39,3,1,0.27,2023,9,17,6,1,20.66,28.34,28.18,23.794285714285714,24.170333333333335
2023-09-18,2,26.8,79,30.72,8,1,0.05,2023,9,18,0,0,28.39,27.23,27.23,24.292857142857144,24.28666666666667
2023-09-19,3,25.8,78,16.5,6,0,0.23,2023,9,19,1,0,30.72,20.11,15.14,23.777142857142856,24.332
2023-09-20,2,33.3,61,16.98,6,1,1.41,2023,9,20,2,0,16.5,18.57,26.92,23.55,24.000666666666667
2023-09-21,3,23.0,65,21.16,5,1,0.3,2023,9,21,3,0,16.98,24.0,21.61,23.14428571428571,23.985666666666667
2023-09-22,3,32.1,61,23.85,5,2,0.38,2023,9,22,4,0,21.16,27.6,22.44,22.60857142857143,24.032666666666668
2023-09-23,4,35.4,84,18.85,7,1,0.04,2023,9,23,5,1,23.85,20.66,22.44,22.35,23.913
2023-09-24,1,38.6,44,30.11,2,0,1.93,2023,9,24,6,1,18.85,28.39,21.1,22.595714285714283,24.21333333333333
2023-09-25,3,29.3,72,24.54,2,0,2.49,2023,9,25,0,0,30.11,30.72,29.15,21.712857142857143,24.059666666666665
2023-09-26,0,28.6,87,22.24,4,0,2.39,2023,9,26,1,0,24.54,16.5,21.5,22.532857142857143,24.084333333333333
2023-09-27,1,23.9,64,13.38,4,1,0.2,2023,9,27,2,0,22.24,16.98,15.28,22.018571428571427,24.021
2023-09-28,1,24.2,32,14.11,6,2,3.5,2023,9,28,3,0,13.38,21.16,19.64,21.011428571428574,23.836666666666666
2023-09-29,1,28.4,45,23.69,6,0,1.67,2023,9,29,4,0,14.11,23.85,23.07,20.98857142857143,23.857333333333333
2023-09-30,4,32.6,34,9.2,3,1,3.42,2023,9,30,5,1,23.69,18.85,29.38,19.610000000000003,23.18466666666667
2023-10-01,3,36.4,50,28.08,3,0,0.89,2023,10,1,6,1,9.2,30.11,25.62,19.319999999999997,23.266666666666666
2023-10-02,4,24.4,39,21.05,2,0,0.86,2023,10,2,0,0,28.08,24.54,16.9,18.821428571428573,23.404999999999998
2023-10-03,3,40.4,48,41.46,4,2,2.3,2023,10,3,1,0,21.05,22.24,36.91,21.56714285714286,23.556666666666665
2023-10-04,4,28.1,54,35.85,2,0,0.15,2023,10,4,2,0,41.46,13.38,23.59,24.777142857142856,23.96533333333333
2023-10-05,4,29.9,33,20.91,2,2,1.1,2023,10,5,3,0,35.85,14.11,29.65,25.74857142857143,23.674
2023-10-06,0,24.8,58,21.36,4,1,2.72,2023,10,6,4,0,20.91,23.69,21.09,25.41571428571429,23.683
2023-10-07,4,13.0,48,27.97,8,0,2.66,2023,10,7,5,1,21.36,9.2,25.2,28.09714285714286,23.775333333333332
2023-10-08,2,36.2,72,32.22,3,1,4.69,2023,10,8,6,1,27.97,28.08,27.04,28.68857142857143,23.948
2023-10-09,0,35.2,31,12.17,7,1,1.8,2023,10,9,0,0,32.22,21.05,29.31,27.419999999999998,23.376666666666665
2023-10-10,4,28.0,39,11.28,7,1,0.35,2023,10,10,1,0,12.17,41.46,28.34,23.108571428571427,22.807999999999996
2023-10-11,1,30.5,72,18.27,7,0,0.03,2023,10,11,2,0,11.28,35.85,27.23,20.59714285714286,22.509333333333338
2023-10-12,2,33.6,54,25.5,4,2,0.98,2023,10,12,3,0,18.27,20.91,20.11,21.252857142857142,22.689000000000004
2023-10-13,2,19.1,49,24.98,5,0,1.08,2023,10,13,4,0,25.5,21.36,18.57,21.77,22.902666666666665
2023-10-14,2,26.3,77,28.42,5,1,0.41,2023,10,14,5,1,24.98,27.97,24.0,21.834285714285716,23.05
2023-10-15,0,35.6,48,14.8,5,2,0.2,2023,10,15,6,1,28.42,32.22,27.6,19.345714285714287,22.62333333333333
2023-10-16,4,21.2,52,8.1,6,1,1.32,2023,10,16,0,0,14.8,12.17,20.66,18.764285714285712,22.204666666666665
2023-10-17,4,32.1,53,27.15,3,2,2.17,2023,10,17,1,0,8.1,11.28,28.39,21.03142857142857,22.163333333333334
2023-10-18,1,20.5,40,17.03,3,0,7.48,2023,10,18,2,0,27.15,18.27,30.72,20.854285714285712,21.707
2023-10-19,1,33.3,75,9.89,8,2,2.13,2023,10,19,3,0,17.03,25.5,16.5,18.624285714285715,21.486666666666668
2023-10-20,2,29.8,63,22.87,8,0,2.37,2023,10,20,4,0,9.89,24.98,16.98,18.322857142857142,21.683
2023-10-21,1,18.7,84,26.76,6,1,1.44,2023,10,21,5,1,22.87,28.42,21.16,18.085714285714285,21.869666666666667
2023-10-22,0,38.2,57,21.27,2,2,6.39,2023,10,22,6,1,26.76,14.8,23.85,19.009999999999998,21.783666666666665
2023-10-23,4,24.9,34,19.25,8,1,1.53,2023,10,23,0,0,21.27,8.1,18.85,20.602857142857143,21.797
2023-10-24,2,24.3,88,21.04,7,2,2.95,2023,10,24,1,0,19.25,27.15,30.11,19.73,21.494666666666667
2023-10-25,1,31.4,34,19.78,5,0,4.37,2023,10,25,2,0,21.04,17.03,24.54,20.122857142857146,21.336
2023-10-26,0,38.0,80,13.91,7,2,3.99,2023,10,26,3,0,19.78,9.89,22.24,20.69714285714286,21.058333333333334
2023-10-27,0,22.9,50,17.71,5,2,0.72,2023,10,27,4,0,13.91,22.87,13.38,19.96,21.202666666666666
2023-10-28,1,30.4,41,25.13,7,0,0.12,2023,10,28,5,1,17.71,26.76,14.11,19.72714285714286,21.569999999999997
2023-10-29,4,33.0,79,23.93,2,0,0.28,2023,10,29,6,1,25.13,21.27,23.69,20.107142857142858,21.578
2023-10-30,1,34.9,33,23.01,7,0,0.09,2023,10,30,0,0,23.93,19.25,9.2,20.64428571428571,22.038333333333334
2023-10-31,2,31.2,83,16.03,7,2,0.17,2023,10,31,1,0,23.01,21.04,28.08,19.928571428571427,21.636666666666667
2023-11-01,1,27.4,78,20.91,4,1,0.31,2023,11,1,2,0,16.03,19.78,21.05,20.09,21.631999999999998
2023-11-02,0,24.2,71,8.94,7,2,0.63,2023,11,2,3,0,20.91,13.91,41.46,19.38,20.548000000000002
2023-11-03,1,30.6,49,23.07,4,2,1.18,2023,11,3,4,0,8.94,17.71,35.85,20.145714285714288,20.122000000000003
2023-11-04,4,22.5,67,30.57,3,1,1.87,2023,11,4,5,1,23.07,25.13,20.91,20.922857142857143,20.444
2023-11-05,3,9.6,54,13.16,6,0,0.36,2023,11,5,6,1,30.57,23.93,21.36,19.384285714285713,20.170666666666666
2023-11-06,1,33.1,43,18.48,7,2,1.67,2023,11,6,0,0,13.16,23.01,27.97,18.73714285714286,19.854333333333333
2023-11-07,4,36.3,40,23.97,3,1,1.83,2023,11,7,1,0,18.48,16.03,32.22,19.871428571428574,19.579333333333334
2023-11-08,4,13.5,61,29.52,8,0,1.23,2023,11,8,2,0,23.97,20.91,12.17,21.101428571428574,20.157666666666668
2023-11-09,0,22.9,40,19.31,8,0,3.51,2023,11,9,3,0,29.52,8.94,11.28,22.58285714285714,20.425333333333338
2023-11-10,4,34.3,47,17.85,4,2,0.18,2023,11,10,4,0,19.31,23.07,18.27,21.837142857142858,20.41133333333333
2023-11-11,4,44.4,56,10.19,7,0,0.29,2023,11,11,5,1,17.85,30.57,25.5,18.925714285714285,19.901
2023-11-12,4,30.1,84,22.62,7,0,0.84,2023,11,12,6,1,10.19,13.16,24.98,20.277142857142856,19.822333333333336
2023-11-13,4,24.9,83,34.25,2,1,0.2,2023,11,13,0,0,22.62,18.48,28.42,22.53,20.016666666666666
2023-11-14,2,28.7,47,23.66,3,1,1.25,2023,11,14,1,0,34.25,23.97,14.8,22.485714285714288,20.312
2023-11-15,2,39.6,85,21.87,5,0,0.76,2023,11,15,2,0,23.66,29.52,8.1,21.392857142857142,20.771
2023-11-16,0,25.5,52,23.93,5,1,0.5,2023,11,16,3,0,21.87,19.31,27.15,22.052857142857142,20.663666666666668
2023-11-17,1,24.4,40,21.93,2,0,0.28,2023,11,17,4,0,23.93,17.85,17.03,22.63571428571429,20.827
2023-11-18,4,26.6,50,17.12,4,2,0.61,2023,11,18,5,1,21.93,10.19,9.89,23.625714285714288,21.067999999999998
2023-11-19,1,23.3,73,26.94,5,1,1.4,2023,11,19,6,1,17.12,22.62,22.87,24.242857142857144,21.203666666666667
2023-11-20,1,30.9,34,23.35,5,0,1.29,2023,11,20,0,0,26.94,34.25,26.76,22.685714285714287,21.089999999999996
2023-11-21,0,41.4,52,22.11,8,0,0.27,2023,11,21,1,0,23.35,23.66,21.27,22.464285714285715,21.118
2023-11-22,4,32.3,70,16.15,8,1,0.2,2023,11,22,2,0,22.11,21.87,19.25,21.647142857142857,21.014666666666663
2023-11-23,4,28.2,88,29.82,6,1,0.04,2023,11,23,3,0,16.15,23.93,21.04,22.48857142857143,21.307333333333336
2023-11-24,3,28.0,54,25.99,3,2,0.02,2023,11,24,4,0,29.82,21.93,19.78,23.068571428571428,21.514333333333337
2023-11-25,1,19.1,70,18.68,4,0,3.18,2023,11,25,5,1,25.99,17.12,13.91,23.291428571428572,21.673333333333332
2023-11-26,1,36.2,83,28.01,7,2,0.07,2023,11,26,6,1,18.68,26.94,17.71,23.444285714285712,22.016666666666666
2023-11-27,2,29.5,39,19.01,3,2,1.97,2023,11,27,0,0,28.01,23.35,25.13,22.824285714285715,21.81266666666667
2023-11-28,3,28.7,51,17.31,4,2,3.08,2023,11,28,1,0,19.01,22.11,23.93,22.13857142857143,21.592
2023-11-29,2,52.4,48,17.44,5,1,0.15,2023,11,29,2,0,17.31,16.15,23.01,22.322857142857146,21.406333333333336
2023-11-30,2,32.1,30,11.37,6,2,0.86,2023,11,30,3,0,17.44,29.82,16.03,19.687142857142856,21.250999999999998
2023-12-01,2,24.7,36,24.83,3,1,4.92,2023,12,1,4,0,11.37,25.99,20.91,19.521428571428572,21.381666666666668
2023-12-02,0,27.0,33,11.01,5,1,2.69,2023,12,2,5,1,24.83,18.68,8.94,18.425714285714285,21.450666666666667
2023-12-03,0,38.0,30,14.63,4,2,1.01,2023,12,3,6,1,11.01,28.01,23.07,16.514285714285716,21.16933333333333
2023-12-04,2,30.8,44,9.55,3,2,2.16,2023,12,4,0,0,14.63,19.01,30.57,15.162857142857144,20.468666666666667
2023-12-05,3,19.9,69,21.48,7,0,2.69,2023,12,5,1,0,9.55,17.31,13.16,15.758571428571429,20.746000000000002
2023-12-06,1,36.4,41,21.1,3,2,0.64,2023,12,6,2,0,21.48,17.44,18.48,16.28142857142857,20.833333333333332
2023-12-07,3,25.3,51,20.04,5,0,3.34,2023,12,7,3,0,21.1,11.37,23.97,17.52,20.702333333333335
2023-12-08,4,43.1,51,15.74,3,2,0.95,2023,12,8,4,0,20.04,24.83,29.52,16.22142857142857,20.243000000000002
2023-12-09,0,37.6,79,14.97,7,2,1.13,2023,12,9,5,1,15.74,11.01,19.31,16.787142857142857,20.098333333333333
2023-12-10,1,26.9,76,24.79,6,2,12.21,2023,12,10,6,1,14.97,14.63,17.85,18.23857142857143,20.32966666666667
2023-12-11,1,39.0,46,18.7,6,2,2.78,2023,12,11,0,0,24.79,9.55,10.19,19.545714285714286,20.613333333333333
2023-12-12,4,30.5,58,23.9,5,0,0.67,2023,12,12,1,0,18.7,21.48,22.62,19.891428571428573,20.656
2023-12-13,4,36.0,75,16.69,4,0,0.02,2023,12,13,2,0,23.9,21.1,34.25,19.261428571428574,20.070666666666668
2023-12-14,2,33.4,43,23.09,5,2,1.48,2023,12,14,3,0,16.69,20.04,23.66,19.697142857142858,20.05166666666667
2023-12-15,0,24.1,79,29.82,6,2,1.83,2023,12,15,4,0,23.09,15.74,21.87,21.708571428571428,20.316666666666666
2023-12-16,0,25.5,49,25.52,2,0,1.58,2023,12,16,5,1,29.82,14.97,23.93,23.215714285714284,20.369666666666664
2023-12-17,3,37.2,79,19.53,2,1,5.16,2023,12,17,6,1,25.52,24.79,21.93,22.464285714285715,20.28966666666667
2023-12-18,2,27.7,77,23.54,3,1,2.98,2023,12,18,0,0,19.53,18.7,17.12,23.155714285714286,20.503666666666668
2023-12-19,2,27.2,62,20.56,7,1,0.89,2023,12,19,1,0,23.54,23.9,26.94,22.678571428571427,20.290999999999997
2023-12-20,2,23.3,84,22.05,8,0,0.1,2023,12,20,2,0,20.56,16.69,23.35,23.444285714285712,20.247666666666667
2023-12-21,2,33.0,88,20.05,8,0,0.97,2023,12,21,3,0,22.05,23.09,22.11,23.009999999999998,20.179
2023-12-22,0,44.4,72,21.01,8,1,1.75,2023,12,22,4,0,20.05,29.82,16.15,21.75142857142857,20.341
2023-12-23,0,22.5,44,23.27,3,1,1.4,2023,12,23,5,1,21.01,25.52,29.82,21.43,20.122666666666664
2023-12-24,2,30.2,41,16.04,2,2,1.16,2023,12,24,6,1,23.27,19.53,25.99,20.931428571428572,19.791
2023-12-25,3,39.9,69,15.9,6,0,0.95,2023,12,25,0,0,16.04,23.54,18.68,19.84,19.698333333333334
2023-12-26,1,29.4,83,13.67,3,0,0.52,2023,12,26,1,0,15.9,20.56,28.01,18.85571428571429,19.220333333333333
2023-12-27,1,33.2,49,12.4,8,1,0.49,2023,12,27,2,0,13.67,22.05,19.01,17.477142857142855,19.0
2023-12-28,3,22.6,59,14.7,8,1,1.04,2023,12,28,3,0,12.4,20.05,17.31,16.712857142857143,18.913
2023-12-29,2,33.0,67,22.96,5,0,0.26,2023,12,29,4,0,14.7,21.01,17.44,16.99142857142857,19.096999999999998
2023-12-30,0,28.7,32,16.64,8,2,0.62,2023,12,30,5,1,22.96,23.27,11.37,16.044285714285714,19.27266666666667
2023-12-31,1,36.9,57,25.08,7,1,0.59,2023,12,31,6,1,16.64,16.04,24.83,17.335714285714285,19.281000000000002
2024-01-01,4,38.3,85,22.21,8,0,1.33,2024,1,1,0,0,25.08,15.9,11.01,18.237142857142857,19.654333333333334
2024-01-02,4,48.1,55,10.19,5,0,0.1,2024,1,2,1,0,22.21,13.67,14.63,17.74,19.506333333333334
2024-01-03,3,34.1,59,25.93,8,2,2.66,2024,1,3,2,0,10.19,12.4,9.55,19.672857142857143,20.05233333333333
2024-01-04,2,32.3,42,26.86,7,2,1.24,2024,1,4,3,0,25.93,14.7,21.48,21.41,20.231666666666666
2024-01-05,1,31.4,42,16.04,6,1,1.67,2024,1,5,4,0,26.86,22.96,21.1,20.42142857142857,20.063
2024-01-06,2,27.5,31,24.52,3,1,1.82,2024,1,6,5,1,16.04,16.64,20.04,21.54714285714286,20.212333333333333
2024-01-07,1,32.4,66,16.86,7,1,0.52,2024,1,7,6,1,24.52,25.08,15.74,20.37285714285714,20.249666666666663
2024-01-08,3,27.9,78,22.59,5,0,0.95,2024,1,8,0,0,16.86,22.21,14.97,20.427142857142858,20.503666666666668
2024-01-09,3,31.2,67,14.41,3,1,4.69,2024,1,9,1,0,22.59,10.19,24.79,21.03,20.157666666666664
2024-01-10,4,39.2,31,11.24,3,0,2.18,2024,1,10,2,0,14.41,25.93,18.7,18.93142857142857,19.909
2024-01-11,2,23.0,65,19.7,5,1,5.24,2024,1,11,3,0,11.24,26.86,23.9,17.90857142857143,19.769000000000002
2024-01-12,4,38.0,83,21.26,2,2,2.06,2024,1,12,4,0,19.7,16.04,16.69,18.654285714285717,19.921333333333333
2024-01-13,2,39.2,55,19.61,8,2,0.29,2024,1,13,5,1,21.26,24.52,23.09,17.952857142857145,19.805333333333333
2024-01-14,4,29.2,40,14.9,7,0,0.1,2024,1,14,6,1,19.61,16.86,29.82,17.672857142857143,19.308
2024-01-15,0,15.1,37,19.6,5,2,1.29,2024,1,15,0,0,14.9,22.59,25.52,17.245714285714286,19.110666666666667
2024-01-16,0,25.7,73,23.62,6,0,0.66,2024,1,16,1,0,19.6,14.41,19.53,18.56142857142857,19.247
2024-01-17,0,39.1,69,21.73,4,0,0.48,2024,1,17,2,0,23.62,11.24,23.54,20.060000000000002,19.186666666666667
2024-01-18,0,29.8,72,23.1,5,2,2.47,2024,1,18,3,0,21.73,19.7,20.56,20.54571428571429,19.271333333333338
2024-01-19,1,23.0,51,17.98,8,0,0.69,2024,1,19,4,0,23.1,21.26,22.05,20.07714285714286,19.135666666666665
2024-01-20,0,26.5,49,29.03,8,2,0.57,2024,1,20,5,1,17.98,19.61,20.05,21.422857142857143,19.435000000000002
2024-01-21,3,35.9,37,14.94,3,1,2.85,2024,1,21,6,1,29.03,14.9,21.01,21.428571428571427,19.232666666666667
2024-01-22,3,33.8,58,24.93,3,1,2.81,2024,1,22,0,0,14.94,19.6,23.27,22.19,19.288000000000004
2024-01-23,1,28.3,69,29.09,5,2,0.66,2024,1,23,1,0,24.93,23.62,16.04,22.97142857142857,19.723
2024-01-24,0,27.4,55,24.89,4,2,2.68,2024,1,24,2,0,29.09,21.73,15.9,23.42285714285714,20.022666666666666
2024-01-25,0,27.3,59,20.78,5,2,2.85,2024,1,25,3,0,24.89,23.1,13.67,23.09142857142857,20.259666666666668
2024-01-26,0,23.5,46,18.83,4,2,0.83,2024,1,26,4,0,20.78,17.98,12.4,23.212857142857143,20.473999999999997
2024-01-27,4,41.3,49,28.22,4,1,0.1,2024,1,27,5,1,18.83,29.03,14.7,23.09714285714286,20.924666666666667
2024-01-28,2,27.7,81,13.46,8,0,0.0,2024,1,28,6,1,28.22,14.94,22.96,22.88571428571429,20.608
2024-01-29,4,38.5,84,16.18,8,0,1.11,2024,1,29,0,0,13.46,24.93,16.64,21.635714285714283,20.592666666666666
2024-01-30,2,40.6,45,19.61,8,1,0.63,2024,1,30,1,0,16.18,29.09,25.08,20.28142857142857,20.41033333333333
2024-01-31,0,37.0,75,29.43,6,0,8.78,2024,1,31,2,0,19.61,24.89,22.21,20.93,20.651000000000003
2024-02-01,0,27.0,72,24.28,8,1,2.22,2024,2,1,3,0,29.43,20.78,10.19,21.43,21.12066666666667
2024-02-02,4,32.8,36,16.19,7,0,2.15,2024,2,2,4,0,24.28,18.83,25.93,21.052857142857142,20.796
2024-02-03,4,29.8,45,20.14,3,2,4.66,2024,2,3,5,1,16.19,28.22,26.86,19.898571428571426,20.572
2024-02-04,2,23.7,74,18.31,3,2,3.28,2024,2,4,6,1,20.14,13.46,16.04,20.591428571428573,20.64766666666667
2024-02-05,3,32.3,88,17.74,4,2,0.57,2024,2,5,0,0,18.31,16.18,24.52,20.814285714285713,20.421666666666667
2024-02-06,2,21.7,76,27.87,3,1,0.27,2024,2,6,1,0,17.74,19.61,16.86,21.994285714285716,20.788666666666668
2024-02-07,4,38.3,85,13.77,2,1,2.05,2024,2,7,2,0,27.87,29.43,22.59,19.75714285714286,20.494666666666667
2024-02-08,4,26.7,77,31.65,4,0,0.71,2024,2,8,3,0,13.77,24.28,14.41,20.810000000000002,21.069333333333336
2024-02-09,1,31.4,56,26.97,3,0,0.96,2024,2,9,4,0,31.65,16.19,11.24,22.349999999999998,21.593666666666667
2024-02-10,4,32.0,82,28.55,2,0,1.49,2024,2,10,5,1,26.97,20.14,19.7,23.55142857142857,21.888666666666666
2024-02-11,1,28.2,52,19.22,6,1,3.58,2024,2,11,6,1,28.55,18.31,21.26,23.68142857142857,21.820666666666668
2024-02-12,3,34.1,53,21.1,3,0,0.81,2024,2,12,0,0,19.22,17.74,19.61,24.16142857142857,21.870333333333335
2024-02-13,2,26.7,38,13.4,2,2,2.29,2024,2,13,1,0,21.1,27.87,14.9,22.094285714285714,21.820333333333334
2024-02-14,2,36.1,64,18.85,5,0,0.47,2024,2,14,2,0,13.4,13.77,19.6,22.82,21.795333333333335
2024-02-15,1,20.6,80,24.96,7,2,1.8,2024,2,15,3,0,18.85,31.65,23.62,21.864285714285717,21.84
2024-02-16,2,30.9,49,29.78,5,1,0.0,2024,2,16,4,0,24.96,26.97,21.73,22.26571428571429,22.108333333333334
2024-02-17,4,43.6,66,15.36,2,2,3.08,2024,2,17,5,1,29.78,28.55,23.1,20.381428571428575,21.85033333333333
2024-02-18,0,23.0,71,19.81,4,2,0.05,2024,2,18,6,1,15.36,19.22,17.98,20.465714285714288,21.911333333333335
2024-02-19,1,25.3,46,21.09,8,2,1.87,2024,2,19,0,0,19.81,21.1,29.03,20.464285714285715,21.646666666666665
2024-02-20,2,33.6,76,13.63,8,1,0.07,2024,2,20,1,0,21.09,13.4,14.94,20.497142857142855,21.603
2024-02-21,1,31.3,60,25.55,8,1,0.46,2024,2,21,2,0,13.63,18.85,24.93,21.454285714285714,21.623666666666665
2024-02-22,1,32.5,84,17.66,4,1,1.03,2024,2,22,3,0,25.55,24.96,29.09,20.41142857142857,21.24266666666667
2024-02-23,0,33.4,86,20.83,3,1,0.82,2024,2,23,4,0,17.66,29.78,24.89,19.13285714285714,21.107333333333333
2024-02-24,4,34.4,37,19.29,8,0,0.32,2024,2,24,5,1,20.83,15.36,20.78,19.694285714285716,21.057666666666666
2024-02-25,1,37.8,44,17.26,5,1,0.61,2024,2,25,6,1,19.29,19.81,18.83,19.330000000000002,21.005333333333336
2024-02-26,2,32.9,60,21.96,4,2,1.95,2024,2,26,0,0,17.26,21.09,28.22,19.454285714285714,20.796666666666667
2024-02-27,3,28.3,82,20.71,4,1,1.66,2024,2,27,1,0,21.96,13.63,13.46,20.465714285714284,21.038333333333334
2024-02-28,1,34.7,59,19.77,8,0,0.11,2024,2,28,2,0,20.71,25.55,16.18,19.639999999999997,21.158
2024-02-29,1,43.3,75,17.63,5,0,2.06,2024,2,29,3,0,19.77,17.66,19.61,19.635714285714283,21.092
2024-03-01,0,29.1,49,23.92,6,0,0.08,2024,3,1,4,0,17.63,20.83,29.43,20.077142857142857,20.908333333333335
2024-03-02,4,23.2,89,31.92,4,2,1.17,2024,3,2,5,1,23.92,19.29,24.28,21.881428571428575,21.163
2024-03-03,3,37.7,68,22.84,8,1,0.45,2024,3,3,6,1,31.92,17.26,16.19,22.678571428571434,21.384666666666668
2024-03-04,2,29.2,82,27.98,7,1,1.33,2024,3,4,0,0,22.84,21.96,20.14,23.53857142857143,21.646000000000004
2024-03-05,3,14.8,84,13.66,2,1,0.45,2024,3,5,1,0,27.98,20.71,18.31,22.53142857142857,21.491
2024-03-06,2,35.9,41,22.95,3,2,6.3,2024,3,6,2,0,13.66,19.77,17.74,22.985714285714284,21.664666666666665
2024-03-07,4,26.3,78,15.42,4,2,0.56,2024,3,7,3,0,22.95,17.63,27.87,22.669999999999998,21.249666666666666
2024-03-08,2,29.4,46,13.14,7,0,0.42,2024,3,8,4,0,15.42,23.92,13.77,21.13,21.228666666666665
2024-03-09,0,32.3,71,17.56,7,0,0.49,2024,3,9,5,1,13.14,31.92,31.65,19.078571428571426,20.759
2024-03-10,0,31.3,59,29.15,4,1,3.4,2024,3,10,6,1,17.56,22.84,26.97,19.98,20.831666666666667
2024-03-11,0,35.0,58,27.7,6,2,1.52,2024,3,11,0,0,29.15,27.98,28.55,19.939999999999998,20.803333333333335
2024-03-12,0,27.0,48,23.46,2,2,1.97,2024,3,12,1,0,27.7,13.66,19.22,21.34,20.944666666666667
2024-03-13,3,33.6,75,12.8,3,1,3.75,2024,3,13,2,0,23.46,22.95,21.1,19.889999999999997,20.668
2024-03-14,4,28.2,40,20.82,4,1,3.64,2024,3,14,3,0,12.8,15.42,13.4,20.66142857142857,20.915333333333333
2024-03-15,2,35.2,63,23.81,3,0,2.01,2024,3,15,4,0,20.82,13.14,18.85,22.185714285714287,21.080666666666666
2024-03-16,2,34.3,79,23.05,5,0,0.33,2024,3,16,5,1,23.81,17.56,24.96,22.970000000000002,21.017
2024-03-17,0,23.5,36,10.94,7,0,2.78,2024,3,17,6,1,23.05,29.15,29.78,20.368571428571432,20.389
2024-03-18,0,37.6,73,16.66,7,1,0.34,2024,3,18,0,0,10.94,27.7,15.36,18.791428571428572,20.43233333333333
2024-03-19,1,26.2,87,21.62,4,1,2.04,2024,3,19,1,0,16.66,23.46,19.81,18.528571428571432,20.492666666666665
2024-03-20,4,35.7,63,25.22,4,0,1.74,2024,3,20,2,0,21.62,12.8,21.09,20.302857142857142,20.630333333333333
2024-03-21,3,32.6,88,8.82,5,0,2.13,2024,3,21,3,0,25.22,20.82,13.63,18.58857142857143,20.470000000000002
2024-03-22,2,42.9,49,21.03,6,2,1.14,2024,3,22,4,0,8.82,23.81,25.55,18.19142857142857,20.319333333333336
2024-03-23,1,28.4,79,22.86,4,2,1.53,2024,3,23,5,1,21.03,23.05,17.66,18.164285714285715,20.492666666666665
2024-03-24,1,27.6,67,27.1,7,0,4.6,2024,3,24,6,1,22.86,10.94,20.83,20.472857142857144,20.701666666666668
2024-03-25,2,29.9,53,26.16,3,0,0.16,2024,3,25,0,0,27.1,16.66,19.29,21.830000000000002,20.930666666666664
2024-03-26,3,27.9,39,25.5,2,2,0.55,2024,3,26,1,0,26.16,21.62,17.26,22.384285714285713,21.205333333333332
2024-03-27,1,35.6,61,17.2,8,0,1.42,2024,3,27,2,0,25.5,25.22,21.96,21.23857142857143,21.04666666666667
2024-03-28,1,18.7,81,10.55,3,2,4.99,2024,3,28,3,0,17.2,8.82,20.71,21.485714285714288,20.708000000000002
2024-03-29,4,22.6,44,19.64,6,2,0.15,2024,3,29,4,0,10.55,21.03,19.77,21.28714285714286,20.703666666666667
2024-03-30,3,22.5,66,28.01,2,2,0.03,2024,3,30,5,1,19.64,22.86,17.63,22.02285714285714,21.049666666666667
2024-03-31,1,36.7,49,30.36,3,1,0.09,2024,3,31,6,1,28.01,27.1,23.92,22.48857142857143,21.264333333333333
2024-04-01,3,42.0,32,26.26,3,1,0.08,2024,4,1,0,0,30.36,26.16,31.92,22.502857142857145,21.075666666666667
2024-04-02,2,29.3,66,24.58,5,0,3.58,2024,4,2,1,0,26.26,25.5,22.84,22.371428571428574,21.133666666666667
2024-04-03,0,28.8,86,24.28,8,2,1.92,2024,4,3,2,0,24.58,17.2,27.98,23.382857142857144,21.01033333333333
2024-04-04,1,30.5,69,18.66,6,1,1.7,2024,4,4,3,0,24.28,10.55,13.66,24.541428571428575,21.177
2024-04-05,4,38.1,37,21.22,7,0,1.11,2024,4,5,4,0,18.66,19.64,22.95,24.767142857142858,21.119333333333334
2024-04-06,2,23.5,69,32.01,5,0,2.28,2024,4,6,5,1,21.22,28.01,15.42,25.33857142857143,21.67233333333333
2024-04-07,3,31.7,73,16.34,2,0,0.25,2024,4,7,6,1,32.01,30.36,13.14,23.335714285714285,21.779
2024-04-08,2,36.8,85,31.69,8,0,0.75,2024,4,8,0,0,16.34,26.26,17.56,24.111428571428572,22.25
2024-04-09,1,33.5,52,20.07,7,0,1.01,2024,4,9,1,0,31.69,24.58,29.15,23.467142857142854,21.947333333333333
2024-04-10,3,31.3,69,29.95,5,2,0.18,2024,4,10,2,0,20.07,24.28,27.7,24.27714285714286,22.022333333333336
2024-04-11,0,37.0,40,13.56,8,0,0.82,2024,4,11,3,0,29.95,18.66,23.46,23.548571428571428,21.692333333333334
2024-04-12,2,11.1,75,25.52,6,2,0.57,2024,4,12,4,0,13.56,21.22,12.8,24.162857142857142,22.116333333333333
2024-04-13,1,34.7,37,17.58,4,1,0.05,2024,4,13,5,1,25.52,32.01,20.82,22.101428571428574,22.008333333333333
2024-04-14,4,25.4,58,13.51,4,0,0.22,2024,4,14,6,1,17.58,16.34,23.81,21.697142857142858,21.665000000000003
2024-04-15,3,17.2,59,23.31,2,1,2.17,2024,4,15,0,0,13.51,31.69,23.05,20.5,21.673666666666666
2024-04-16,2,33.6,85,28.06,4,2,0.03,2024,4,16,1,0,23.31,20.07,10.94,21.641428571428573,22.244333333333334
2024-04-17,2,39.6,89,16.93,5,2,4.08,2024,4,17,2,0,28.06,29.95,16.66,19.78142857142857,22.253333333333334
2024-04-18,0,29.0,39,13.01,2,1,0.14,2024,4,18,3,0,16.93,13.56,21.62,19.70285714285714,21.966333333333335
2024-04-19,0,36.7,68,21.45,7,0,2.41,2024,4,19,4,0,13.01,25.52,25.22,19.12142857142857,21.840666666666667
2024-04-20,4,41.3,57,21.48,6,0,3.43,2024,4,20,5,1,21.45,17.58,8.82,19.678571428571427,22.262666666666668
2024-04-21,4,39.2,78,25.29,2,1,4.25,2024,4,21,6,1,21.48,13.51,21.03,21.361428571428572,22.404666666666667
2024-04-22,1,41.5,65,27.7,7,1,3.03,2024,4,22,0,0,25.29,23.31,22.86,21.988571428571426,22.566
2024-04-23,1,35.2,42,21.64,2,1,0.51,2024,4,23,1,0,27.7,28.06,27.1,21.071428571428573,22.384
2024-04-24,4,30.5,61,33.13,3,0,0.61,2024,4,24,2,0,21.64,16.93,26.16,23.385714285714283,22.616333333333333
2024-04-25,4,18.8,65,23.35,3,0,0.83,2024,4,25,3,0,33.13,13.01,25.5,24.86285714285714,22.544666666666668
2024-04-26,3,28.3,66,19.92,2,0,0.23,2024,4,26,4,0,23.35,21.45,17.2,24.64428571428572,22.63533333333333
2024-04-27,0,24.1,55,12.33,8,1,0.03,2024,4,27,5,1,19.92,21.48,10.55,23.337142857142855,22.694666666666667
2024-04-28,1,45.2,51,20.42,4,0,3.05,2024,4,28,6,1,12.33,25.29,19.64,22.641428571428573,22.720666666666666
2024-04-29,0,28.8,33,19.98,3,2,1.21,2024,4,29,0,0,20.42,27.7,28.01,21.53857142857143,22.453
2024-04-30,0,30.9,60,27.76,8,1,1.41,2024,4,30,1,0,19.98,21.64,30.36,22.412857142857142,22.366333333333333
2024-05-01,4,33.9,47,24.77,8,0,3.93,2024,5,1,2,0,27.76,33.13,26.26,21.21857142857143,22.316666666666666
2024-05-02,3,30.3,67,14.92,6,1,1.64,2024,5,2,3,0,24.77,23.35,24.58,20.014285714285716,21.994666666666667
2024-05-03,2,41.9,53,23.03,7,2,1.76,2024,5,3,4,0,14.92,19.92,24.28,20.458571428571425,21.953
2024-05-04,3,25.6,85,26.03,5,2,2.32,2024,5,4,5,1,23.03,12.33,18.66,22.41571428571429,22.198666666666668
2024-05-05,3,31.4,52,31.17,3,1,0.19,2024,5,5,6,1,26.03,20.42,21.22,23.951428571428572,22.53033333333333
2024-05-06,0,24.8,51,27.33,2,1,0.67,2024,5,6,0,0,31.17,19.98,32.01,25.00142857142857,22.374333333333333
2024-05-07,3,20.8,31,26.57,4,2,5.17,2024,5,7,1,0,27.33,27.76,16.34,24.831428571428575,22.715333333333334
2024-05-08,1,25.7,60,22.36,5,1,3.84,2024,5,8,2,0,26.57,24.77,31.69,24.487142857142857,22.404333333333334
2024-05-09,0,29.7,84,24.33,7,2,3.23,2024,5,9,3,0,22.36,14.92,20.07,25.83142857142857,22.546333333333333
2024-05-10,1,27.0,40,29.5,8,2,0.9,2024,5,10,4,0,24.33,23.03,29.95,26.755714285714287,22.531333333333333
2024-05-11,2,25.2,57,14.0,7,0,2.92,2024,5,11,5,1,29.5,26.03,13.56,25.037142857142857,22.546
2024-05-12,0,20.2,75,19.9,3,1,0.07,2024,5,12,6,1,14.0,31.17,25.52,23.427142857142858,22.358666666666668
2024-05-13,2,29.4,61,17.36,7,1,0.24,2024,5,13,0,0,19.9,27.33,17.58,22.002857142857145,22.351333333333333
2024-05-14,0,19.5,34,24.27,7,0,0.8,2024,5,14,1,0,17.36,26.57,13.51,21.674285714285713,22.709999999999997
2024-05-15,4,35.3,67,29.38,4,2,0.99,2024,5,15,2,0,24.27,22.36,23.31,22.677142857142858,22.912333333333333
2024-05-16,3,30.6,39,18.42,8,1,0.46,2024,5,16,3,0,29.38,24.33,28.06,21.83285714285714,22.591
2024-05-17,4,19.8,69,7.66,4,0,0.66,2024,5,17,4,0,18.42,29.5,16.93,18.71285714285714,22.282
2024-05-18,2,27.8,75,19.53,4,0,0.27,2024,5,18,5,1,7.66,14.0,13.01,19.502857142857142,22.499333333333333
2024-05-19,3,24.7,53,27.48,2,1,1.01,2024,5,19,6,1,19.53,19.9,21.45,20.585714285714285,22.700333333333333
2024-05-20,0,32.2,64,25.23,7,0,2.37,2024,5,20,0,0,27.48,17.36,21.48,21.71,22.825333333333333
2024-05-21,3,39.4,73,24.57,7,2,1.62,2024,5,21,1,0,25.23,24.27,25.29,21.752857142857145,22.801333333333332
2024-05-22,1,16.9,77,20.32,7,0,0.17,2024,5,22,2,0,24.57,29.38,27.7,20.458571428571428,22.555333333333333
2024-05-23,3,30.8,89,14.33,6,2,1.0,2024,5,23,3,0,20.32,18.42,21.64,19.874285714285715,22.311666666666667
2024-05-24,1,28.9,52,25.09,4,2,1.79,2024,5,24,4,0,14.33,7.66,33.13,22.364285714285717,22.043666666666663
2024-05-25,3,34.7,46,16.99,5,1,1.13,2024,5,25,5,1,25.09,19.53,23.35,22.00142857142857,21.831666666666663
2024-05-26,1,31.5,30,35.1,3,0,0.75,2024,5,26,6,1,16.99,27.48,19.92,23.09,22.337666666666667
2024-05-27,2,24.7,84,25.42,8,2,1.46,2024,5,27,0,0,35.1,25.23,12.33,23.117142857142856,22.774
2024-05-28,4,27.8,60,18.52,5,2,5.19,2024,5,28,1,0,25.42,24.57,20.42,22.252857142857145,22.71066666666667
2024-05-29,0,24.4,60,18.33,8,0,0.15,2024,5,29,2,0,18.52,20.32,19.98,21.96857142857143,22.655666666666665
2024-05-30,3,37.5,71,21.44,2,2,0.74,2024,5,30,3,0,18.33,14.33,27.76,22.98428571428571,22.445
2024-05-31,4,30.1,86,20.56,2,0,0.78,2024,5,31,4,0,21.44,25.09,24.77,22.337142857142858,22.304666666666666
2024-06-01,0,43.3,84,28.7,8,1,1.29,2024,6,1,5,1,20.56,16.99,14.92,24.009999999999998,22.764
2024-06-02,0,29.6,71,23.12,7,2,0.25,2024,6,2,6,1,28.7,35.1,23.03,22.298571428571424,22.767
2024-06-03,1,25.0,82,17.61,5,2,0.29,2024,6,3,0,0,23.12,25.42,26.03,21.18285714285714,22.486333333333334
2024-06-04,2,19.4,85,33.34,7,0,0.5,2024,6,4,1,0,17.61,18.52,31.17,23.3,22.558666666666667
2024-06-05,2,17.4,63,22.3,6,0,4.68,2024,6,5,2,0,33.34,18.33,27.33,23.86714285714286,22.391000000000002
2024-06-06,4,18.9,38,26.61,2,0,1.99,2024,6,6,3,0,22.3,21.44,26.57,24.60571428571429,22.392333333333333
2024-06-07,2,31.9,51,18.35,2,0,1.63,2024,6,7,4,0,26.61,20.56,22.36,24.29,22.25866666666667
2024-06-08,3,33.6,42,24.18,5,2,2.55,2024,6,8,5,1,18.35,28.7,24.33,23.64428571428571,22.253666666666668
2024-06-09,2,18.9,54,23.87,2,1,0.2,2024,6,9,6,1,24.18,23.12,29.5,23.751428571428573,22.066
2024-06-10,4,36.3,77,10.66,6,1,2.94,2024,6,10,0,0,23.87,17.61,14.0,22.75857142857143,21.954666666666665
2024-06-11,2,26.6,47,34.09,6,1,1.36,2024,6,11,1,0,10.66,33.34,19.9,22.865714285714287,22.427666666666667
2024-06-12,3,31.0,80,29.74,6,1,0.61,2024,6,12,2,0,34.09,22.3,17.36,23.928571428571427,22.840333333333334
2024-06-13,1,41.3,41,19.62,3,0,2.54,2024,6,13,3,0,29.74,26.61,24.27,22.93,22.685333333333336
2024-06-14,4,36.3,69,15.39,6,2,2.43,2024,6,14,4,0,19.62,18.35,29.38,22.50714285714286,22.219
2024-06-15,1,28.1,46,24.09,6,2,2.8,2024,6,15,5,1,15.39,24.18,18.42,22.494285714285716,22.408
2024-06-16,1,23.8,44,22.52,3,2,0.18,2024,6,16,6,1,24.09,23.87,7.66,22.301428571428573,22.903333333333332
2024-06-17,1,14.9,71,24.13,7,0,5.23,2024,6,17,0,0,22.52,10.66,19.53,24.225714285714286,23.05666666666667
2024-06-18,0,25.0,44,23.15,4,2,4.81,2024,6,18,1,0,24.13,34.09,27.48,22.662857142857142,22.912333333333333
2024-06-19,0,28.5,44,25.04,2,0,0.66,2024,6,19,2,0,23.15,29.74,25.23,21.99142857142857,22.906
2024-06-20,1,23.1,84,30.68,6,2,0.1,2024,6,20,3,0,25.04,19.62,24.57,23.571428571428566,23.10966666666667
2024-06-21,4,29.1,68,25.41,2,1,0.27,2024,6,21,4,0,30.68,15.39,20.32,25.002857142857142,23.279333333333334
2024-06-22,3,30.5,42,15.7,5,0,7.41,2024,6,22,5,1,25.41,24.09,14.33,23.804285714285715,23.325
2024-06-23,3,28.4,46,30.18,2,2,1.24,2024,6,23,6,1,15.7,22.52,25.09,24.898571428571433,23.494666666666667
2024-06-24,2,25.4,61,31.84,8,1,0.66,2024,6,24,0,0,30.18,24.13,16.99,26.0,23.98966666666667
2024-06-25,4,31.2,38,40.91,7,1,0.51,2024,6,25,1,0,31.84,23.15,35.1,28.537142857142857,24.183333333333334
2024-06-26,0,33.1,69,15.26,3,1,0.45,2024,6,26,2,0,40.91,25.04,25.42,27.139999999999997,23.844666666666665
2024-06-27,1,22.4,49,23.46,2,0,1.64,2024,6,27,3,0,15.26,30.68,18.52,26.108571428571427,24.009333333333334
2024-06-28,2,39.9,55,9.51,2,0,0.82,2024,6,28,4,0,23.46,25.41,18.33,23.837142857142855,23.715333333333334
2024-06-29,3,29.3,56,25.32,2,2,5.05,2024,6,29,5,1,9.51,15.7,21.44,25.21142857142857,23.844666666666665
2024-06-30,0,30.1,50,18.71,4,1,1.73,2024,6,30,6,1,25.32,30.18,20.56,23.572857142857142,23.783
2024-07-01,0,35.0,47,33.54,4,2,2.36,2024,7,1,0,0,18.71,31.84,28.7,23.815714285714286,23.94433333333333
2024-07-02,1,31.6,42,17.35,5,2,0.52,2024,7,2,1,0,33.54,40.91,23.12,20.45,23.752
2024-07-03,3,36.7,45,11.86,3,1,0.12,2024,7,3,2,0,17.35,15.26,17.61,19.964285714285715,23.560333333333332
2024-07-04,4,32.0,38,19.17,2,2,1.0,2024,7,4,3,0,11.86,23.46,33.34,19.351428571428574,23.088000000000005
2024-07-05,0,25.7,41,10.15,2,0,0.57,2024,7,5,4,0,19.17,9.51,22.3,19.442857142857143,22.683
2024-07-06,1,32.5,73,26.51,2,2,0.34,2024,7,6,5,1,10.15,25.32,26.61,19.612857142857145,22.679666666666666
2024-07-07,4,22.0,67,9.61,2,1,4.58,2024,7,7,6,1,26.51,18.71,18.35,18.312857142857144,22.388333333333332
2024-07-08,3,30.8,48,22.17,4,0,0.88,2024,7,8,0,0,9.61,33.54,24.18,16.68857142857143,22.32133333333333
2024-07-09,0,29.8,89,9.53,7,0,0.29,2024,7,9,1,0,22.17,17.35,23.87,15.571428571428571,21.84333333333333
2024-07-10,4,28.5,36,20.08,7,2,0.33,2024,7,10,2,0,9.53,11.86,10.66,16.74571428571429,22.157333333333334
2024-07-11,4,29.1,86,31.86,5,2,0.49,2024,7,11,3,0,20.08,19.17,34.09,18.558571428571433,22.083000000000002
2024-07-12,4,16.8,64,24.16,8,0,10.93,2024,7,12,4,0,31.86,10.15,29.74,20.560000000000002,21.897
2024-07-13,0,26.2,77,16.82,6,2,0.47,2024,7,13,5,1,24.16,26.51,19.62,19.175714285714285,21.80366666666667
2024-07-14,0,30.6,47,21.81,3,1,0.6,2024,7,14,6,1,16.82,9.61,15.39,20.91857142857143,22.017666666666667
2024-07-15,2,31.1,45,22.11,7,2,1.62,2024,7,15,0,0,21.81,22.17,24.09,20.91,21.951666666666664
2024-07-16,3,22.8,84,24.84,8,2,0.52,2024,7,16,1,0,22.11,9.53,22.52,23.09714285714286,22.029
2024-07-17,1,38.9,68,13.8,2,0,0.36,2024,7,17,2,0,24.84,20.08,24.13,22.2,21.684666666666665
2024-07-18,4,23.9,33,25.56,7,2,0.26,2024,7,18,3,0,13.8,31.86,23.15,21.3,21.765
2024-07-19,2,36.8,88,5.77,5,2,0.56,2024,7,19,4,0,25.56,24.16,25.04,18.672857142857143,21.122666666666667
2024-07-20,1,33.0,54,18.22,6,2,0.17,2024,7,20,5,1,5.77,16.82,30.68,18.87285714285714,20.707333333333334
2024-07-21,2,25.5,61,19.07,7,1,0.03,2024,7,21,6,1,18.22,21.81,25.41,18.481428571428573,20.496
2024-07-22,0,42.4,69,25.8,5,2,2.45,2024,7,22,0,0,19.07,22.11,15.7,19.00857142857143,20.832666666666668
2024-07-23,4,21.6,42,22.14,4,1,0.22,2024,7,23,1,0,25.8,24.84,30.18,18.622857142857146,20.564666666666668
2024-07-24,1,36.4,74,13.57,6,1,2.24,2024,7,24,2,0,22.14,13.8,31.84,18.59,19.955666666666666
2024-07-25,1,37.0,46,16.09,5,1,2.4,2024,7,25,3,0,13.57,25.56,40.91,17.237142857142857,19.128333333333334
2024-07-26,1,25.3,78,23.19,8,1,1.16,2024,7,26,4,0,16.09,5.77,15.26,19.725714285714282,19.392666666666667
2024-07-27,1,39.7,66,21.53,7,0,0.56,2024,7,27,5,1,23.19,18.22,23.46,20.198571428571427,19.328333333333333
2024-07-28,1,28.2,35,18.53,4,1,0.24,2024,7,28,6,1,21.53,19.07,9.51,20.12142857142857,19.629
2024-07-29,2,32.0,48,19.11,8,2,2.0,2024,7,29,0,0,18.53,25.8,25.32,19.165714285714284,19.422
2024-07-30,4,31.8,42,26.18,5,1,1.38,2024,7,30,1,0,19.11,22.14,18.71,19.742857142857144,19.671
2024-07-31,0,29.1,86,18.89,5,2,1.6,2024,7,31,2,0,26.18,13.57,33.54,20.502857142857145,19.182666666666663
2024-08-01,0,35.7,89,21.47,8,1,0.01,2024,8,1,3,0,18.89,16.09,17.35,21.271428571428572,19.32
2024-08-02,0,35.6,55,35.02,7,0,3.94,2024,8,2,4,0,21.47,23.19,11.86,22.961428571428574,20.092
2024-08-03,0,17.8,43,13.46,6,1,0.1,2024,8,3,5,1,35.02,21.53,19.17,21.80857142857143,19.901666666666664
2024-08-04,2,39.1,60,10.89,4,1,0.69,2024,8,4,6,1,13.46,18.53,10.15,20.717142857142857,19.926333333333332
2024-08-05,3,18.4,83,26.7,2,0,0.77,2024,8,5,0,0,10.89,19.11,26.51,21.801428571428573,19.932666666666666
2024-08-06,4,37.2,33,17.93,3,1,0.0,2024,8,6,1,0,26.7,26.18,9.61,20.622857142857146,20.209999999999997
2024-08-07,1,37.9,89,20.09,6,2,1.03,2024,8,7,2,0,17.93,18.89,22.17,20.794285714285714,20.140666666666668
2024-08-08,3,22.4,68,17.31,4,1,2.1,2024,8,8,3,0,20.09,21.47,9.53,20.2,20.4
2024-08-09,0,27.1,37,20.44,8,1,2.6,2024,8,9,4,0,17.31,35.02,20.08,18.117142857142856,20.412
2024-08-10,3,22.3,54,31.59,5,1,3.17,2024,8,10,5,1,20.44,13.46,31.86,20.707142857142856,20.403000000000002
2024-08-11,4,28.5,42,26.81,8,0,1.0,2024,8,11,6,1,31.59,10.89,24.16,22.981428571428573,20.491333333333333
2024-08-12,1,27.8,61,27.17,4,1,1.49,2024,8,12,0,0,26.81,26.7,16.82,23.048571428571424,20.836333333333332
2024-08-13,1,35.5,88,13.5,8,1,0.12,2024,8,13,1,0,27.17,17.93,21.81,22.41571428571429,20.55933333333333
2024-08-14,4,39.2,67,15.09,8,2,1.0,2024,8,14,2,0,13.5,20.09,22.11,21.701428571428572,20.325333333333333
2024-08-15,4,39.8,67,4.97,3,1,0.25,2024,8,15,3,0,15.09,17.31,24.84,19.93857142857143,19.663
2024-08-16,0,26.1,85,17.14,7,1,0.69,2024,8,16,4,0,4.97,20.44,13.8,19.467142857142857,19.774333333333335
2024-08-17,1,28.5,57,27.74,3,1,0.6,2024,8,17,5,1,17.14,31.59,25.56,18.91714285714286,19.846999999999998
2024-08-18,3,18.2,82,25.1,2,1,0.83,2024,8,18,6,1,27.74,26.81,5.77,18.672857142857143,20.491333333333333
2024-08-19,2,24.4,59,20.67,2,2,1.27,2024,8,19,0,0,25.1,27.17,18.22,17.744285714285716,20.572999999999997
2024-08-20,2,36.8,32,21.87,3,2,3.5,2024,8,20,1,0,20.67,13.5,19.07,18.94,20.666333333333334
2024-08-21,4,41.3,57,17.87,6,0,0.75,2024,8,21,2,0,21.87,15.09,25.8,19.337142857142858,20.401999999999997
2024-08-22,0,21.4,32,23.23,6,1,5.96,2024,8,22,3,0,17.87,4.97,22.14,21.945714285714285,20.438333333333333
2024-08-23,2,25.9,74,26.6,8,0,2.13,2024,8,23,4,0,23.23,17.14,13.57,23.29714285714286,20.872666666666667
2024-08-24,1,29.8,83,12.3,8,0,1.07,2024,8,24,5,1,26.6,27.74,16.09,21.091428571428573,20.746333333333332
2024-08-25,4,32.0,63,23.8,5,1,1.55,2024,8,25,6,1,12.3,25.1,23.19,20.905714285714286,20.76666666666667
2024-08-26,3,24.3,45,27.59,2,2,0.16,2024,8,26,0,0,23.8,20.67,21.53,21.89428571428571,20.968666666666664
2024-08-27,4,33.0,51,19.51,5,2,2.79,2024,8,27,1,0,27.59,21.87,18.53,21.557142857142857,21.00133333333333
2024-08-28,3,26.7,61,26.2,2,1,1.31,2024,8,28,2,0,19.51,17.87,19.11,22.747142857142858,21.237666666666666
2024-08-29,4,29.9,67,38.89,3,1,6.41,2024,8,29,3,0,26.2,23.23,26.18,24.98428571428571,21.661333333333335
2024-08-30,4,33.8,37,21.37,6,2,1.52,2024,8,30,4,0,38.89,26.6,18.89,24.237142857142857,21.744000000000003
2024-08-31,4,30.0,84,24.36,8,1,2.69,2024,8,31,5,1,21.37,12.3,21.47,25.96,21.840333333333334
2024-09-01,3,26.9,37,17.57,6,1,2.41,2024,9,1,6,1,24.36,23.8,35.02,25.07,21.25866666666667
2024-09-02,3,29.2,86,23.09,3,1,0.64,2024,9,2,0,0,17.57,27.59,13.46,24.427142857142858,21.579666666666665
2024-09-03,4,29.4,35,24.76,5,2,0.45,2024,9,3,1,0,23.09,19.51,10.89,25.177142857142854,22.041999999999998
2024-09-04,2,27.4,43,23.17,5,0,0.84,2024,9,4,2,0,24.76,26.2,26.7,24.744285714285716,21.924333333333333
2024-09-05,0,28.2,61,15.88,4,0,0.94,2024,9,5,3,0,23.17,38.89,17.93,21.457142857142856,21.856
2024-09-06,0,41.2,64,23.24,8,1,0.41,2024,9,6,4,0,15.88,21.37,20.09,21.724285714285717,21.961000000000002
2024-09-07,0,33.9,39,30.77,8,2,3.37,2024,9,7,5,1,23.24,24.36,17.31,22.639999999999997,22.40966666666667
2024-09-08,3,27.9,32,24.69,8,1,1.17,2024,9,8,6,1,30.77,17.57,20.44,23.657142857142862,22.551333333333332
2024-09-09,3,34.9,88,27.77,2,2,5.76,2024,9,9,0,0,24.69,23.09,31.59,24.325714285714287,22.424
2024-09-10,2,27.7,41,20.58,5,1,2.49,2024,9,10,1,0,27.77,24.76,26.81,23.72857142857143,22.216333333333335
2024-09-11,0,38.2,78,26.5,3,2,1.22,2024,9,11,2,0,20.58,23.17,27.17,24.204285714285714,22.194
2024-09-12,0,32.6,88,23.68,5,2,4.41,2024,9,12,3,0,26.5,15.88,13.5,25.318571428571428,22.533333333333335
2024-09-13,4,29.2,60,16.29,6,0,1.05,2024,9,13,4,0,23.68,23.24,15.09,24.325714285714287,22.573333333333334
2024-09-14,3,33.1,58,23.91,2,1,3.27,2024,9,14,5,1,16.29,30.77,4.97,23.345714285714287,23.204666666666665
2024-09-15,0,19.0,34,16.05,8,0,0.67,2024,9,15,6,1,23.91,24.69,17.14,22.111428571428572,23.168333333333337
2024-09-16,2,22.1,81,18.2,7,0,0.71,2024,9,16,0,0,16.05,27.77,27.74,20.744285714285716,22.85033333333333
2024-09-17,2,21.6,54,23.14,4,2,0.81,2024,9,17,1,0,18.2,20.58,25.1,21.110000000000003,22.785
2024-09-18,0,31.0,70,23.78,2,1,1.19,2024,9,18,2,0,23.14,26.5,20.67,20.72142857142857,22.88866666666667
2024-09-19,3,42.1,60,14.86,6,2,1.21,2024,9,19,3,0,23.78,23.68,21.87,19.46142857142857,22.654999999999998
2024-09-20,2,45.6,50,28.32,8,2,1.03,2024,9,20,4,0,14.86,16.29,17.87,21.18,23.003333333333334
2024-09-21,4,34.5,87,25.43,6,2,0.55,2024,9,21,5,1,28.32,23.91,23.23,21.397142857142857,23.076666666666664
2024-09-22,2,33.5,49,17.77,6,1,3.93,2024,9,22,6,1,25.43,16.05,26.6,21.642857142857142,22.782333333333334
2024-09-23,1,17.4,68,12.77,8,1,1.33,2024,9,23,0,0,17.77,18.2,12.3,20.867142857142856,22.798000000000002
2024-09-24,1,26.2,51,21.13,6,2,0.79,2024,9,24,1,0,12.77,23.14,23.8,20.580000000000002,22.709
2024-09-25,3,24.5,33,19.32,3,1,1.58,2024,9,25,2,0,21.13,23.78,27.59,19.942857142857143,22.433333333333334
2024-09-26,0,25.7,42,22.68,4,2,2.19,2024,9,26,3,0,19.32,14.86,19.51,21.060000000000002,22.539
2024-09-27,3,28.8,74,19.82,7,1,4.86,2024,9,27,4,0,22.68,28.32,26.2,19.845714285714283,22.32633333333333
2024-09-28,3,26.7,71,9.96,6,1,1.04,2024,9,28,5,1,19.82,25.43,38.89,17.635714285714283,21.362000000000002
2024-09-29,3,16.1,79,19.67,6,0,0.18,2024,9,29,6,1,9.96,17.77,21.37,17.907142857142855,21.305333333333333
2024-09-30,3,35.2,78,20.17,5,2,0.87,2024,9,30,0,0,19.67,12.77,24.36,18.964285714285715,21.165666666666667
2024-10-01,4,22.5,49,25.8,4,0,0.98,2024,10,1,1,0,20.17,21.13,17.57,19.631428571428575,21.439999999999998
2024-10-02,4,31.7,81,17.81,2,0,3.41,2024,10,2,2,0,25.8,19.32,23.09,19.415714285714284,21.264000000000003
2024-10-03,2,44.5,42,32.07,4,2,0.75,2024,10,3,3,0,17.81,22.68,24.76,20.75714285714286,21.50766666666667
2024-10-04,1,23.6,46,10.53,4,2,4.6,2024,10,4,4,0,32.07,19.82,23.17,19.43,21.086333333333332
2024-10-05,3,12.3,83,29.87,8,1,1.0,2024,10,5,5,1,10.53,9.96,15.88,22.274285714285718,21.552666666666664
2024-10-06,2,28.0,65,20.65,8,2,5.46,2024,10,6,6,1,29.87,19.67,23.24,22.41428571428571,21.466333333333335
2024-10-07,1,37.7,62,27.16,8,0,0.01,2024,10,7,0,0,20.65,20.17,30.77,23.412857142857145,21.346
2024-10-08,0,43.7,30,22.48,7,0,3.44,2024,10,8,1,0,27.16,25.8,24.69,22.93857142857143,21.272333333333336
2024-10-09,4,21.4,44,28.84,4,2,4.01,2024,10,9,2,0,22.48,17.81,27.77,24.514285714285712,21.307999999999996
2024-10-10,1,33.5,42,19.68,7,0,4.87,2024,10,10,3,0,28.84,32.07,20.58,22.744285714285716,21.278000000000002
2024-10-11,0,26.7,46,15.41,6,1,0.02,2024,10,11,4,0,19.68,10.53,26.5,23.44142857142857,20.908333333333335
2024-10-12,1,29.3,53,30.52,8,0,0.28,2024,10,12,5,1,15.41,29.87,23.68,23.534285714285712,21.13633333333333
2024-10-13,4,48.5,87,21.32,6,1,1.59,2024,10,13,6,1,30.52,20.65,16.29,23.63,21.304
2024-10-14,4,19.5,37,23.33,8,0,0.04,2024,10,14,0,0,21.32,27.16,23.91,23.08285714285714,21.28466666666667
2024-10-15,2,31.8,79,29.41,3,1,0.1,2024,10,15,1,0,23.33,22.48,16.05,24.072857142857142,21.73
2024-10-16,3,33.3,56,15.81,7,1,0.37,2024,10,16,2,0,29.41,28.84,18.2,22.21142857142857,21.650333333333332
2024-10-17,1,37.6,74,25.57,7,2,1.08,2024,10,17,3,0,15.81,19.68,23.14,23.052857142857142,21.731333333333335
2024-10-18,1,30.7,52,18.46,2,1,1.18,2024,10,18,4,0,25.57,15.41,23.78,23.488571428571426,21.554
2024-10-19,0,32.2,75,21.21,5,2,0.05,2024,10,19,5,1,18.46,30.52,14.86,22.15857142857143,21.765666666666668
2024-10-20,4,27.3,37,22.43,4,0,0.28,2024,10,20,6,1,21.21,21.32,28.32,22.31714285714286,21.569333333333336
2024-10-21,1,31.9,37,13.0,2,0,1.04,2024,10,21,0,0,22.43,23.33,25.43,20.841428571428573,21.155000000000005
2024-10-22,4,27.6,88,17.33,7,0,1.35,2024,10,22,1,0,13.0,29.41,17.77,19.115714285714287,21.14033333333333
2024-10-23,1,34.4,55,30.11,2,1,0.24,2024,10,23,2,0,17.33,15.81,12.77,21.15857142857143,21.71833333333333
2024-10-24,2,27.4,76,27.32,3,0,0.76,2024,10,24,3,0,30.11,25.57,21.13,21.40857142857143,21.924666666666667
2024-10-25,3,32.6,88,21.62,5,0,3.52,2024,10,25,4,0,27.32,18.46,19.32,21.859999999999996,22.001333333333335
2024-10-26,1,29.8,42,23.46,7,2,10.22,2024,10,26,5,1,21.62,21.21,22.68,22.181428571428572,22.02733333333333
2024-10-27,4,37.9,68,20.23,7,2,6.54,2024,10,27,6,1,23.46,22.43,19.82,21.867142857142856,22.041
2024-10-28,2,29.6,66,30.14,4,0,3.2,2024,10,28,0,0,20.23,13.0,9.96,24.315714285714286,22.713666666666665
2024-10-29,1,17.6,78,20.8,8,0,0.75,2024,10,29,1,0,30.14,17.33,19.67,24.81142857142857,22.751333333333335
2024-10-30,0,38.8,57,23.39,5,1,1.74,2024,10,30,2,0,20.8,30.11,20.17,23.851428571428574,22.858666666666668
2024-10-31,3,23.7,54,28.88,3,1,0.81,2024,10,31,3,0,23.39,27.32,25.8,24.07428571428571,22.961333333333336
2024-11-01,1,25.4,45,17.34,6,0,1.57,2024,11,1,4,0,28.88,21.62,17.81,23.462857142857143,22.945666666666668
2024-11-02,2,25.8,84,31.35,2,2,0.56,2024,11,2,5,1,17.34,23.46,32.07,24.59,22.921666666666667
2024-11-03,0,39.6,31,12.82,4,0,1.4,2024,11,3,6,1,31.35,20.23,10.53,23.53142857142857,22.998
2024-11-04,2,15.1,83,31.78,7,1,1.11,2024,11,4,0,0,12.82,30.14,29.87,23.76571428571429,23.061666666666667
2024-11-05,2,52.0,47,19.76,6,2,0.04,2024,11,5,1,0,31.78,20.8,20.65,23.617142857142856,23.031999999999996
2024-11-06,0,37.4,46,20.54,3,2,2.35,2024,11,6,2,0,19.76,23.39,27.16,23.21,22.811333333333334
2024-11-07,2,31.6,59,10.66,5,1,0.02,2024,11,7,3,0,20.54,28.88,22.48,20.607142857142858,22.417333333333332
2024-11-08,0,29.6,68,19.27,2,0,0.52,2024,11,8,4,0,10.66,17.34,28.84,20.882857142857144,22.098333333333336
2024-11-09,1,32.0,42,15.76,4,0,0.01,2024,11,9,5,1,19.27,31.35,19.68,18.655714285714286,21.967666666666666
2024-11-10,0,33.6,61,18.35,7,0,0.71,2024,11,10,6,1,15.76,12.82,15.41,19.445714285714285,22.06566666666667
2024-11-11,0,34.5,79,21.18,7,1,0.1,2024,11,11,0,0,18.35,31.78,30.52,17.931428571428572,21.75433333333333
2024-11-12,3,33.9,58,27.75,6,2,3.67,2024,11,12,1,0,21.18,19.76,21.32,19.072857142857142,21.968666666666664
2024-11-13,0,30.6,75,23.25,6,1,0.81,2024,11,13,2,0,27.75,20.54,23.33,19.46,21.965999999999998
2024-11-14,0,28.6,59,23.85,2,0,0.92,2024,11,14,3,0,23.25,10.66,29.41,21.344285714285714,21.780666666666665
2024-11-15,1,28.9,47,15.43,5,1,0.65,2024,11,15,4,0,23.85,19.27,15.81,20.795714285714286,21.768000000000004
2024-11-16,3,28.6,42,16.72,3,2,1.48,2024,11,16,5,1,15.43,15.76,25.57,20.93285714285714,21.473
2024-11-17,4,37.9,72,32.79,8,1,2.3,2024,11,17,6,1,16.72,18.35,18.46,22.995714285714286,21.950666666666667
2024-11-18,1,34.2,50,17.59,5,0,1.57,2024,11,18,0,0,32.79,21.18,21.21,22.482857142857142,21.83
2024-11-19,1,9.4,59,31.94,5,2,2.07,2024,11,19,1,0,17.59,27.75,22.43,23.08142857142857,22.147
2024-11-20,4,34.6,50,20.54,5,1,3.55,2024,11,20,2,0,31.94,23.25,13.0,22.694285714285712,22.39833333333333
2024-11-21,0,31.4,77,22.01,8,1,2.99,2024,11,21,3,0,20.54,23.85,17.33,22.431428571428572,22.554333333333332
2024-11-22,2,29.9,84,28.42,2,2,1.68,2024,11,22,4,0,22.01,15.43,30.11,24.287142857142857,22.498
2024-11-23,3,27.3,46,29.63,8,2,0.36,2024,11,23,5,1,28.42,16.72,27.32,26.131428571428568,22.575
2024-11-24,2,37.9,69,21.34,2,0,1.52,2024,11,24,6,1,29.63,32.79,21.62,24.495714285714286,22.56566666666667
2024-11-25,4,36.6,48,19.67,8,2,1.06,2024,11,25,0,0,21.34,17.59,23.46,24.792857142857144,22.439333333333334
2024-11-26,1,24.6,81,21.66,3,0,1.89,2024,11,26,1,0,19.67,31.94,20.23,23.324285714285715,22.487000000000002
2024-11-27,1,32.8,44,24.03,5,1,2.68,2024,11,27,2,0,21.66,20.54,30.14,23.822857142857146,22.283333333333335
2024-11-28,3,23.2,38,27.35,2,0,2.04,2024,11,28,3,0,24.03,22.01,20.8,24.585714285714285,22.501666666666665
2024-11-29,1,20.3,81,22.03,8,1,2.81,2024,11,29,4,0,27.35,28.42,23.39,23.672857142857143,22.456333333333337
2024-11-30,1,25.6,39,25.71,3,2,0.1,2024,11,30,5,1,22.03,29.63,28.88,23.112857142857145,22.350666666666665
2024-12-01,3,36.0,73,31.83,8,1,0.05,2024,12,1,6,1,25.71,21.34,17.34,24.611428571428572,22.833666666666666
2024-12-02,3,36.7,60,24.29,7,2,0.45,2024,12,2,0,0,31.83,19.67,31.35,25.27142857142857,22.598333333333336
2024-12-03,4,33.6,82,23.87,3,1,3.46,2024,12,3,1,0,24.29,21.66,12.82,25.587142857142855,22.966666666666665
2024-12-04,1,35.1,52,12.89,5,1,2.6,2024,12,4,2,0,23.87,24.03,31.78,23.995714285714286,22.337
2024-12-05,1,33.6,81,6.22,4,1,1.72,2024,12,5,3,0,12.89,27.35,19.76,20.97714285714286,21.88566666666667
2024-12-06,4,25.5,59,24.33,5,1,1.81,2024,12,6,4,0,6.22,22.03,20.54,21.305714285714284,22.012
2024-12-07,0,33.0,62,21.43,4,0,1.95,2024,12,7,5,1,24.33,25.71,10.66,20.694285714285712,22.371
2024-12-08,0,35.6,86,18.91,3,1,4.29,2024,12,8,6,1,21.43,31.83,19.27,18.84857142857143,22.358999999999998
2024-12-09,0,35.3,81,23.46,7,0,2.68,2024,12,9,0,0,18.91,24.29,15.76,18.73,22.615666666666666
2024-12-10,4,38.3,38,21.64,7,2,1.46,2024,12,10,1,0,23.46,23.87,18.35,18.41142857142857,22.72533333333333
2024-12-11,1,35.0,83,28.77,2,2,1.64,2024,12,11,2,0,21.64,12.89,21.18,20.68,22.978333333333335
2024-12-12,4,32.5,76,22.52,7,0,0.36,2024,12,12,3,0,28.77,6.22,27.75,23.00857142857143,22.804
2024-12-13,4,37.5,30,17.52,6,2,1.61,2024,12,13,4,0,22.52,24.33,23.25,22.035714285714285,22.613000000000003
2024-12-14,0,29.8,73,27.94,3,2,0.83,2024,12,14,5,1,17.52,21.43,23.85,22.965714285714284,22.749333333333333
2024-12-15,2,23.8,64,20.7,2,1,0.25,2024,12,15,6,1,27.94,18.91,15.43,23.22142857142857,22.925
2024-12-16,1,28.9,40,25.16,7,1,2.46,2024,12,16,0,0,20.7,23.46,16.72,23.464285714285715,23.206333333333337
2024-12-17,0,24.8,63,19.14,3,1,1.07,2024,12,17,1,0,25.16,21.64,32.79,23.107142857142858,22.75133333333333
2024-12-18,2,25.3,45,18.1,5,0,5.69,2024,12,18,2,0,19.14,28.77,17.59,21.582857142857144,22.768333333333334
2024-12-19,2,29.0,38,22.51,7,0,0.5,2024,12,19,3,0,18.1,22.52,31.94,21.58142857142857,22.454
2024-12-20,3,24.5,61,22.08,8,2,0.98,2024,12,20,4,0,22.51,17.52,20.54,22.232857142857146,22.505333333333336
2024-12-21,1,27.8,44,24.88,4,1,0.89,2024,12,21,5,1,22.08,27.94,22.01,21.795714285714286,22.601000000000003
2024-12-22,2,16.7,41,20.39,3,0,0.19,2024,12,22,6,1,24.88,20.7,28.42,21.751428571428573,22.333333333333332
2024-12-23,0,31.5,62,10.98,2,0,0.83,2024,12,23,0,0,20.39,25.16,29.63,19.725714285714286,21.711666666666666
2024-12-24,3,30.0,74,19.4,5,1,0.51,2024,12,24,1,0,10.98,19.14,21.34,19.762857142857143,21.647
2024-12-25,1,24.3,43,26.76,6,0,0.26,2024,12,25,2,0,19.4,18.1,19.67,21.0,21.883333333333333
2024-12-26,4,34.6,86,20.22,5,1,0.5,2024,12,26,3,0,26.76,22.51,21.66,20.672857142857143,21.835333333333335
2024-12-27,0,36.6,86,20.52,7,2,0.4,2024,12,27,4,0,20.22,22.08,24.03,20.45,21.718333333333337
2024-12-28,2,18.7,37,27.92,4,2,1.99,2024,12,28,5,1,20.52,24.88,27.35,20.884285714285713,21.737333333333332
2024-12-29,2,24.7,37,17.73,5,2,0.05,2024,12,29,6,1,27.92,20.39,22.03,20.504285714285714,21.593999999999998
2024-12-30,0,24.6,56,12.74,6,1,1.44,2024,12,30,0,0,17.73,10.98,25.71,20.755714285714284,21.16166666666667
2024-12-31,2,23.4,41,21.04,8,0,2.14,2024,12,31,1,0,12.74,19.4,31.83,20.990000000000002,20.802
2025-01-01,3,35.8,30,19.09,2,2,0.98,2025,1,1,2,0,21.04,26.76,24.29,19.89428571428572,20.628666666666668
2025-01-02,1,28.6,72,16.2,3,2,4.02,2025,1,2,3,0,19.09,20.22,23.87,19.32,20.373
2025-01-03,3,28.1,69,20.95,4,2,1.85,2025,1,3,4,0,16.2,20.52,12.89,19.381428571428568,20.641666666666666
2025-01-04,2,16.0,71,24.95,6,0,2.07,2025,1,4,5,1,20.95,27.92,6.22,18.957142857142856,21.266000000000002
2025-01-05,4,34.4,80,21.94,7,0,0.33,2025,1,5,6,1,24.95,17.73,24.33,19.55857142857143,21.18633333333333
2025-01-06,1,21.3,40,23.84,7,1,2.25,2025,1,6,0,0,21.94,12.74,21.43,21.14428571428571,21.266666666666666
2025-01-07,1,30.4,68,32.88,7,2,2.68,2025,1,7,1,0,23.84,21.04,18.91,22.83571428571429,21.732333333333333
2025-01-08,0,31.9,72,19.94,4,0,0.67,2025,1,8,2,0,32.88,19.09,23.46,22.95714285714286,21.615000000000002
2025-01-09,0,39.5,60,23.67,5,1,0.36,2025,1,9,3,0,19.94,16.2,21.64,24.024285714285714,21.682666666666666
2025-01-10,4,20.8,46,18.94,4,2,0.73,2025,1,10,4,0,23.67,20.95,28.77,23.737142857142857,21.355000000000004
2025-01-11,1,8.9,62,16.92,7,0,2.02,2025,1,11,5,1,18.94,24.95,22.52,22.590000000000003,21.168333333333337
2025-01-12,4,31.3,61,18.49,8,0,0.81,2025,1,12,6,1,16.92,21.94,17.52,22.09714285714286,21.200666666666667
2025-01-13,0,42.6,87,19.13,6,1,2.0,2025,1,13,0,0,18.49,23.84,27.94,21.42428571428572,20.907
2025-01-14,0,38.7,58,24.16,3,2,0.18,2025,1,14,1,0,19.13,32.88,20.7,20.178571428571427,21.022333333333332
2025-01-15,1,31.5,50,36.09,3,2,2.46,2025,1,15,2,0,24.16,19.94,25.16,22.485714285714288,21.386666666666667
2025-01-16,3,26.6,50,17.7,4,0,0.44,2025,1,16,3,0,36.09,23.67,19.14,21.63285714285714,21.338666666666665
2025-01-17,2,35.6,69,19.5,7,2,0.43,2025,1,17,4,0,17.7,18.94,18.1,21.71285714285714,21.38533333333333
2025-01-18,0,23.2,52,21.62,2,1,1.34,2025,1,18,5,1,19.5,16.92,22.51,22.384285714285713,21.355666666666664
2025-01-19,0,33.3,85,24.37,8,0,0.11,2025,1,19,6,1,21.62,18.49,22.08,23.224285714285713,21.432
2025-01-20,3,33.5,35,23.58,4,0,0.04,2025,1,20,0,0,24.37,19.13,24.88,23.860000000000003,21.388666666666666
2025-01-21,3,37.4,51,29.7,7,1,0.45,2025,1,21,1,0,23.58,24.16,20.39,24.65142857142857,21.699
2025-01-22,4,49.3,79,7.44,5,0,1.16,2025,1,22,2,0,29.7,36.09,10.98,20.55857142857143,21.581
2025-01-23,4,32.7,67,7.68,3,2,3.57,2025,1,23,3,0,7.44,17.7,19.4,19.127142857142854,21.190333333333335
2025-01-24,2,26.4,66,19.02,3,2,2.81,2025,1,24,4,0,7.68,19.5,26.76,19.05857142857143,20.932333333333336
2025-01-25,2,29.8,74,28.58,8,0,1.01,2025,1,25,5,1,19.02,21.62,20.22,20.052857142857142,21.211
2025-01-26,1,17.6,80,12.61,3,1,0.06,2025,1,26,6,1,28.58,24.37,20.52,18.372857142857146,20.947333333333333
2025-01-27,4,25.1,83,3.95,2,1,1.15,2025,1,27,0,0,12.61,23.58,27.92,15.56857142857143,20.148333333333333
2025-01-28,0,27.1,37,25.43,7,2,1.83,2025,1,28,1,0,3.95,29.7,17.73,14.958571428571428,20.404999999999998
2025-01-29,4,26.3,70,23.46,7,1,0.62,2025,1,29,2,0,25.43,7.44,12.74,17.247142857142858,20.762333333333334
2025-01-30,0,31.1,78,15.46,8,0,0.18,2025,1,30,3,0,23.46,7.68,21.04,18.358571428571427,20.576333333333334
2025-01-31,3,24.2,64,16.09,7,0,0.49,2025,1,31,4,0,15.46,19.02,19.09,17.94,20.476333333333333
2025-02-01,4,37.8,80,16.18,8,2,2.21,2025,2,1,5,1,16.09,28.58,16.2,16.16857142857143,20.475666666666665
2025-02-02,3,30.0,40,22.66,7,2,0.65,2025,2,2,6,1,16.18,12.61,20.95,17.604285714285716,20.532666666666668
2025-02-03,2,29.9,53,18.24,2,2,2.51,2025,2,3,0,0,22.66,3.95,24.95,19.645714285714284,20.309
2025-02-04,2,27.7,78,24.96,6,1,0.58,2025,2,4,1,0,18.24,25.43,21.94,19.57857142857143,20.40966666666667
2025-02-05,1,31.1,50,4.87,4,0,0.27,2025,2,5,2,0,24.96,23.46,23.84,16.922857142857143,19.777333333333335
2025-02-06,4,35.8,80,16.86,4,0,0.86,2025,2,6,3,0,4.87,15.46,32.88,17.122857142857143,19.243333333333336
2025-02-07,3,23.9,31,15.24,7,0,0.9,2025,2,7,4,0,16.86,16.09,19.94,17.001428571428573,19.086666666666662
2025-02-08,0,25.4,69,20.46,5,2,0.02,2025,2,8,5,1,15.24,16.18,23.67,17.612857142857145,18.979666666666667
2025-02-09,2,27.9,48,18.77,3,0,0.19,2025,2,9,6,1,20.46,22.66,18.94,17.057142857142857,18.973999999999997
2025-02-10,2,20.6,68,26.79,2,1,0.31,2025,2,10,0,0,18.77,18.24,16.92,18.27857142857143,19.303
2025-02-11,0,24.3,57,10.84,5,1,0.18,2025,2,11,1,0,26.79,24.96,18.49,16.261428571428574,19.048
2025-02-12,3,26.7,88,22.27,5,0,0.63,2025,2,12,2,0,10.84,4.87,19.13,18.747142857142855,19.152666666666665
2025-02-13,3,36.1,46,25.35,7,2,5.01,2025,2,13,3,0,22.27,16.86,24.16,19.96,19.192333333333334
2025-02-14,4,31.8,35,33.14,2,0,1.07,2025,2,14,4,0,25.35,15.24,36.09,22.517142857142858,19.093999999999998
2025-02-15,4,31.4,48,19.11,4,1,1.48,2025,2,15,5,1,33.14,20.46,17.7,22.324285714285715,19.141000000000002
2025-02-16,1,36.0,85,23.95,3,1,0.66,2025,2,16,6,1,19.11,18.77,19.5,23.064285714285713,19.289333333333335
2025-02-17,2,29.0,67,11.18,4,1,0.59,2025,2,17,0,0,23.95,26.79,21.62,20.834285714285716,18.941333333333333
2025-02-18,4,32.7,57,7.65,5,0,0.04,2025,2,18,1,0,11.18,10.84,24.37,20.37857142857143,18.384
2025-02-19,3,29.3,31,27.07,3,1,1.04,2025,2,19,2,0,7.65,22.27,23.58,21.064285714285713,18.500333333333334
2025-02-20,0,31.9,67,21.97,6,2,0.99,2025,2,20,3,0,27.07,25.35,29.7,20.58142857142857,18.242666666666665
2025-02-21,3,25.9,84,29.07,5,0,0.26,2025,2,21,4,0,21.97,33.14,7.44,20.0,18.963666666666665
2025-02-22,2,12.9,66,13.76,4,0,2.17,2025,2,22,5,1,29.07,19.11,7.68,19.235714285714288,19.16633333333333
2025-02-23,3,29.1,80,25.12,4,1,1.02,2025,2,23,6,1,13.76,23.95,19.02,19.40285714285714,19.369666666666664
2025-02-24,1,40.0,81,33.21,7,1,0.62,2025,2,24,0,0,25.12,11.18,28.58,22.550000000000004,19.524
2025-02-25,2,36.5,33,24.52,4,2,0.24,2025,2,25,1,0,33.21,7.65,12.61,24.96,19.921
2025-02-26,0,36.8,51,23.66,2,0,1.2,2025,2,26,2,0,24.52,27.07,3.95,24.472857142857144,20.578
2025-02-27,1,38.7,55,22.05,5,1,2.1,2025,2,27,3,0,23.66,21.97,25.43,24.484285714285715,20.465333333333334
2025-02-28,2,30.6,78,12.57,8,2,0.5,2025,2,28,4,0,22.05,29.07,23.46,22.127142857142854,20.102333333333334
2025-03-01,0,31.4,72,30.13,8,1,0.37,2025,3,1,5,1,12.57,13.76,15.46,24.465714285714284,20.591333333333335
2025-03-02,1,25.7,65,18.33,3,0,1.11,2025,3,2,6,1,30.13,25.12,16.09,23.495714285714286,20.666
2025-03-03,1,27.8,87,25.03,4,1,0.25,2025,3,3,0,0,18.33,33.21,16.18,22.327142857142857,20.961
2025-03-04,2,34.3,42,12.62,7,0,1.65,2025,3,4,1,0,25.03,24.52,22.66,20.62714285714286,20.62633333333333
2025-03-05,4,38.4,81,14.92,7,1,1.39,2025,3,5,2,0,12.62,23.66,18.24,19.37857142857143,20.515666666666668
2025-03-06,1,29.0,87,30.61,4,0,0.14,2025,3,6,3,0,14.92,22.05,24.96,20.601428571428567,20.704
2025-03-07,1,26.8,61,19.92,2,2,0.06,2025,3,7,4,0,30.61,12.57,4.87,21.65142857142857,21.205666666666666
2025-03-08,0,30.0,46,30.72,7,0,1.45,2025,3,8,5,1,19.92,30.13,16.86,21.735714285714288,21.667666666666666
2025-03-09,3,34.2,70,21.53,8,2,0.52,2025,3,9,6,1,30.72,18.33,15.24,22.192857142857143,21.877333333333336
2025-03-10,2,19.9,65,10.95,3,0,0.14,2025,3,10,0,0,21.53,25.03,20.46,20.18142857142857,21.560333333333336
2025-03-11,2,13.9,84,27.35,5,2,2.14,2025,3,11,1,0,10.95,12.62,18.77,22.285714285714285,21.846333333333334
2025-03-12,4,26.1,89,18.46,6,1,0.57,2025,3,12,2,0,27.35,14.92,26.79,22.791428571428572,21.568666666666665
2025-03-13,4,21.5,75,26.19,2,0,0.92,2025,3,13,3,0,18.46,30.61,10.84,22.16,22.080333333333336
2025-03-14,2,26.4,48,22.15,7,1,0.41,2025,3,14,4,0,26.19,19.92,22.27,22.478571428571428,22.076333333333334
2025-03-15,4,29.0,87,12.74,5,2,1.48,2025,3,15,5,1,22.15,30.72,25.35,19.91,21.656000000000002
2025-03-16,0,26.8,89,22.99,6,0,0.54,2025,3,16,6,1,12.74,21.53,33.14,20.118571428571425,21.31766666666667
2025-03-17,2,40.2,64,35.18,4,0,5.16,2025,3,17,0,0,22.99,10.95,19.11,23.580000000000002,21.853333333333335
2025-03-18,4,32.3,75,24.96,4,1,1.82,2025,3,18,1,0,35.18,27.35,23.95,23.238571428571426,21.887
2025-03-19,2,32.1,69,21.65,3,0,0.22,2025,3,19,2,0,24.96,18.46,11.18,23.694285714285716,22.236
2025-03-20,3,34.4,85,28.45,6,0,0.81,2025,3,20,3,0,21.65,26.19,7.65,24.017142857142858,22.929333333333336
2025-03-21,1,22.0,88,23.26,4,1,0.73,2025,3,21,4,0,28.45,22.15,27.07,24.17571428571429,22.802333333333333
2025-03-22,2,37.3,57,23.26,4,0,1.15,2025,3,22,5,1,23.26,12.74,21.97,25.678571428571427,22.845333333333333
2025-03-23,1,29.5,30,15.45,8,1,2.77,2025,3,23,6,1,23.26,22.99,29.07,24.601428571428567,22.391333333333332
2025-03-24,4,34.7,71,23.4,7,1,1.31,2025,3,24,0,0,15.45,35.18,13.76,22.91857142857143,22.71266666666667
2025-03-25,1,22.5,47,28.21,3,1,0.1,2025,3,25,1,0,23.4,24.96,25.12,23.382857142857144,22.81566666666667
2025-03-26,2,19.1,77,16.98,5,1,1.6,2025,3,26,2,0,28.21,21.65,33.21,22.715714285714284,22.27466666666667
2025-03-27,3,35.7,69,30.55,4,1,0.01,2025,3,27,3,0,16.98,28.45,24.52,23.01571428571429,22.475666666666665
2025-03-28,4,32.6,62,21.45,8,2,2.27,2025,3,28,4,0,30.55,23.26,23.66,22.75714285714286,22.401999999999997
2025-03-29,2,23.7,41,16.67,2,2,1.65,2025,3,29,5,1,21.45,23.26,22.05,21.815714285714286,22.222666666666665
2025-03-30,4,23.9,37,27.99,2,1,0.55,2025,3,30,6,1,16.67,15.45,12.57,23.607142857142858,22.736666666666665
2025-03-31,0,37.9,53,20.28,5,2,0.52,2025,3,31,0,0,27.99,23.4,30.13,23.16142857142857,22.408333333333335
2025-04-01,1,21.7,45,26.56,6,2,2.4,2025,4,1,1,0,20.28,28.21,18.33,22.925714285714285,22.682666666666666
2025-04-02,0,41.5,79,20.25,3,0,2.29,2025,4,2,2,0,26.56,16.98,25.03,23.392857142857142,22.523333333333333
2025-04-03,2,23.7,33,21.64,8,1,0.65,2025,4,3,3,0,20.25,30.55,12.62,22.12,22.824
2025-04-04,3,34.5,67,24.96,7,2,0.53,2025,4,4,4,0,21.64,21.45,14.92,22.62142857142857,23.158666666666665
2025-04-05,4,27.7,73,23.75,8,0,1.23,2025,4,5,5,1,24.96,16.67,30.61,23.63285714285714,22.93
2025-04-06,1,34.2,56,10.03,2,0,0.01,2025,4,6,6,1,23.75,27.99,19.92,21.06714285714286,22.60033333333333
2025-04-07,4,26.2,38,15.27,2,1,0.13,2025,4,7,0,0,10.03,20.28,30.72,20.351428571428574,22.08533333333333
2025-04-08,2,28.9,76,27.58,5,1,0.2,2025,4,8,1,0,15.27,26.56,21.53,20.497142857142858,22.287
2025-04-09,4,30.3,45,21.21,6,0,0.31,2025,4,9,2,0,27.58,20.25,10.95,20.634285714285713,22.629
2025-04-10,1,23.0,85,18.86,6,1,1.08,2025,4,10,3,0,21.21,21.64,27.35,20.237142857142857,22.346
2025-04-11,2,35.2,41,13.85,5,1,7.29,2025,4,11,4,0,18.86,24.96,18.46,18.65,22.192333333333334
2025-04-12,4,26.4,60,15.52,8,0,1.59,2025,4,12,5,1,13.85,23.75,26.19,17.474285714285713,21.836666666666662
2025-04-13,3,28.4,53,9.87,2,0,0.09,2025,4,13,6,1,15.52,10.03,22.15,17.451428571428572,21.42733333333333
2025-04-14,2,23.0,84,21.39,8,1,1.12,2025,4,14,0,0,9.87,15.27,12.74,18.325714285714287,21.715666666666664
2025-04-15,2,12.1,43,18.41,8,2,1.03,2025,4,15,1,0,21.39,27.58,22.99,17.015714285714285,21.563
2025-04-16,3,28.7,74,16.2,3,1,0.23,2025,4,16,2,0,18.41,21.21,35.18,16.3,20.930333333333333
2025-04-17,0,46.9,54,21.59,2,2,3.79,2025,4,17,3,0,16.2,18.86,24.96,16.69,20.817999999999998
2025-04-18,1,35.5,63,24.18,6,0,0.87,2025,4,18,4,0,21.59,13.85,21.65,18.165714285714284,20.90233333333333
2025-04-19,0,29.9,32,34.56,7,2,7.82,2025,4,19,5,1,24.18,15.52,28.45,20.885714285714283,21.105999999999998
2025-04-20,4,28.2,87,12.93,8,0,0.82,2025,4,20,6,1,34.56,9.87,23.26,21.322857142857142,20.761666666666663
2025-04-21,3,30.2,53,28.96,2,1,1.4,2025,4,21,0,0,12.93,21.39,23.26,22.404285714285713,20.951666666666664
2025-04-22,0,33.8,83,27.84,8,1,0.17,2025,4,22,1,0,28.96,18.41,15.45,23.75142857142857,21.36466666666667
2025-04-23,2,21.7,71,17.33,3,0,0.91,2025,4,23,2,0,27.84,16.2,23.4,23.912857142857145,21.16233333333333
2025-04-24,4,37.8,38,23.22,4,0,0.41,2025,4,24,3,0,17.33,21.59,28.21,24.145714285714288,20.996
2025-04-25,4,35.0,55,19.25,2,0,2.71,2025,4,25,4,0,23.22,24.18,16.98,23.44142857142857,21.071666666666665
2025-04-26,0,35.0,49,23.11,5,1,2.3,2025,4,26,5,1,19.25,34.56,30.55,21.805714285714284,20.823666666666668
2025-04-27,0,33.1,69,31.05,4,1,2.61,2025,4,27,6,1,23.11,12.93,21.45,24.39428571428571,21.143666666666665
2025-04-28,3,30.1,39,25.63,8,2,1.93,2025,4,28,0,0,31.05,28.96,16.67,23.91857142857143,21.442333333333337
2025-04-29,1,34.7,48,25.05,5,0,2.68,2025,4,29,1,0,25.63,27.84,27.99,23.520000000000003,21.344333333333335
2025-04-30,0,34.1,32,19.42,5,2,0.34,2025,4,30,2,0,25.05,17.33,20.28,23.818571428571428,21.315666666666665
2025-05-01,0,27.5,53,13.1,5,1,0.9,2025,5,1,3,0,19.42,23.22,26.56,22.37285714285714,20.867
2025-05-02,2,26.0,34,20.75,2,2,1.77,2025,5,2,4,0,13.1,19.25,20.25,22.587142857142858,20.883666666666667
2025-05-03,4,30.7,32,29.24,6,2,1.52,2025,5,3,5,1,20.75,23.11,21.64,23.462857142857143,21.137
2025-05-04,1,40.8,87,12.84,8,1,1.89,2025,5,4,6,1,29.24,31.05,24.96,20.861428571428572,20.733
2025-05-05,2,21.3,56,15.67,4,1,0.38,2025,5,5,0,0,12.84,25.63,23.75,19.43857142857143,20.463666666666665
2025-05-06,3,19.7,45,22.76,3,0,0.16,2025,5,6,1,0,15.67,25.05,10.03,19.111428571428572,20.887999999999998
2025-05-07,3,31.2,78,16.09,6,2,3.73,2025,5,7,2,0,22.76,19.42,15.27,18.63571428571429,20.915333333333333
2025-05-08,0,30.4,44,17.24,8,1,1.23,2025,5,8,3,0,16.09,13.1,27.58,19.22714285714286,20.570666666666668
2025-05-09,0,31.2,64,19.46,2,1,0.25,2025,5,9,4,0,17.24,20.75,21.21,19.042857142857144,20.51233333333333
2025-05-10,3,31.7,41,13.81,5,2,2.37,2025,5,10,5,1,19.46,29.24,18.86,16.83857142857143,20.344
2025-05-11,0,28.4,70,16.16,3,1,3.7,2025,5,11,6,1,13.81,12.84,13.85,17.312857142857144,20.421
2025-05-12,1,40.4,82,26.22,8,0,0.28,2025,5,12,0,0,16.16,15.67,15.52,18.82,20.77766666666667
2025-05-13,0,18.8,73,14.16,4,0,2.55,2025,5,13,1,0,26.22,22.76,9.87,17.591428571428573,20.920666666666666
2025-05-14,4,24.2,55,12.41,8,2,4.06,2025,5,14,2,0,14.16,16.09,21.39,17.065714285714286,20.621333333333336
2025-05-15,0,29.3,76,18.22,6,0,4.18,2025,5,15,3,0,12.41,17.24,18.41,17.205714285714286,20.615
2025-05-16,2,18.5,63,26.39,7,1,3.68,2025,5,16,4,0,18.22,19.46,16.2,18.195714285714285,20.954666666666665
2025-05-17,1,28.8,52,20.82,6,1,1.19,2025,5,17,5,1,26.39,13.81,21.59,19.197142857142858,20.929
2025-05-18,2,41.6,60,19.21,8,1,0.66,2025,5,18,6,1,20.82,16.16,24.18,19.632857142857144,20.763333333333335
2025-05-19,2,30.1,79,22.27,3,1,0.01,2025,5,19,0,0,19.21,26.22,34.56,19.068571428571428,20.353666666666665
2025-05-20,4,31.6,49,11.53,8,2,0.09,2025,5,20,1,0,22.27,14.16,12.93,18.692857142857143,20.307000000000002
2025-05-21,1,21.2,41,24.97,8,0,0.84,2025,5,21,2,0,11.53,12.41,28.96,20.487142857142857,20.174
2025-05-22,1,25.7,52,24.3,2,0,0.76,2025,5,22,3,0,24.97,18.22,27.84,21.35571428571429,20.055999999999997
2025-05-23,1,27.4,33,19.54,4,1,0.31,2025,5,23,4,0,24.3,26.39,17.33,20.377142857142854,20.12966666666667
2025-05-24,1,27.8,52,28.04,3,2,0.75,2025,5,24,5,1,19.54,20.82,23.22,21.408571428571427,20.290333333333333
2025-05-25,1,39.0,77,15.24,8,1,0.29,2025,5,25,6,1,28.04,19.21,19.25,20.84142857142857,20.15666666666667
2025-05-26,4,33.9,84,28.77,5,1,2.83,2025,5,26,0,0,15.24,22.27,23.11,21.77,20.345333333333333
2025-05-27,0,22.2,77,22.93,4,2,0.53,2025,5,27,1,0,28.77,11.53,31.05,23.398571428571426,20.074666666666662
2025-05-28,2,31.7,30,19.98,6,2,1.37,2025,5,28,2,0,22.93,24.97,25.63,22.685714285714283,19.88633333333333
2025-05-29,1,33.5,83,21.88,3,1,1.05,2025,5,29,3,0,19.98,24.3,25.05,22.34,19.780666666666665
2025-05-30,0,38.0,54,21.36,6,0,0.08,2025,5,30,4,0,21.88,19.54,19.42,22.599999999999998,19.845333333333333
2025-05-31,0,41.1,31,29.32,8,1,4.28,2025,5,31,5,1,21.36,28.04,13.1,22.782857142857143,20.386000000000003
2025-06-01,2,22.9,59,15.54,6,0,1.12,2025,6,1,6,1,29.32,15.24,20.75,22.82571428571428,20.212333333333333
2025-06-02,4,24.3,32,17.42,6,0,0.59,2025,6,2,0,0,15.54,28.77,29.24,21.204285714285714,19.81833333333333
2025-06-03,3,21.2,87,28.22,2,2,0.26,2025,6,3,1,0,17.42,22.93,12.84,21.96,20.331
2025-06-04,3,28.4,50,18.43,6,2,0.62,2025,6,4,2,0,28.22,19.98,15.67,21.73857142857143,20.423000000000002
2025-06-05,0,33.3,54,27.4,5,1,0.03,2025,6,5,3,0,18.43,21.88,22.76,22.527142857142856,20.57766666666667
2025-06-06,2,36.9,49,32.2,5,0,0.68,2025,6,6,4,0,27.4,21.36,16.09,24.075714285714287,21.114666666666665
2025-06-07,3,29.5,78,19.59,4,0,1.14,2025,6,7,5,1,32.2,29.32,17.24,22.685714285714287,21.192999999999998
2025-06-08,0,27.8,81,26.09,8,1,3.08,2025,6,8,6,1,19.59,15.54,19.46,24.192857142857143,21.413999999999998
2025-06-09,4,31.1,51,15.08,7,1,1.74,2025,6,9,0,0,26.09,17.42,13.81,23.858571428571427,21.45633333333333
2025-06-10,3,24.2,50,26.53,6,1,0.18,2025,6,10,1,0,15.08,28.22,16.16,23.617142857142856,21.802000000000003
2025-06-11,0,44.6,62,23.2,6,2,0.24,2025,6,11,2,0,26.53,18.43,26.22,24.298571428571428,21.70133333333333
2025-06-12,0,18.7,81,24.84,3,1,0.84,2025,6,12,3,0,23.2,27.4,14.16,23.932857142857138,22.057333333333336
2025-06-13,1,31.3,67,18.13,2,1,0.33,2025,6,13,4,0,24.84,32.2,12.41,21.922857142857143,22.247999999999998
2025-06-14,4,44.2,44,12.03,7,0,0.04,2025,6,14,5,1,18.13,19.59,18.22,20.842857142857145,22.041666666666668
2025-06-15,1,30.0,87,25.02,4,1,2.45,2025,6,15,6,1,12.03,26.09,26.39,20.689999999999998,21.996
2025-06-16,2,28.7,87,9.62,7,0,0.03,2025,6,16,0,0,25.02,15.08,20.82,19.91,21.622666666666664
2025-06-17,1,27.5,75,20.1,6,0,2.66,2025,6,17,1,0,9.62,26.53,19.21,18.99142857142857,21.65233333333333
2025-06-18,1,28.7,81,27.65,3,2,0.23,2025,6,18,2,0,20.1,23.2,22.27,19.627142857142854,21.831666666666663
2025-06-19,3,39.6,44,23.15,8,1,5.51,2025,6,19,3,0,27.65,24.84,11.53,19.385714285714283,22.219
2025-06-20,0,14.5,75,33.69,2,1,1.39,2025,6,20,4,0,23.15,18.13,24.97,21.608571428571427,22.509666666666664
2025-06-21,4,40.7,54,28.15,8,0,1.99,2025,6,21,5,1,33.69,12.03,24.3,23.91142857142857,22.637999999999998
2025-06-22,1,20.0,50,18.08,4,2,0.18,2025,6,22,6,1,28.15,25.02,19.54,22.919999999999998,22.589333333333332
2025-06-23,4,28.1,53,22.16,7,2,2.97,2025,6,23,0,0,18.08,9.62,28.04,24.71142857142857,22.39333333333333
2025-06-24,1,27.0,86,21.72,4,1,2.74,2025,6,24,1,0,22.16,20.1,15.24,24.942857142857143,22.609333333333332
2025-06-25,2,34.1,87,12.51,6,0,1.59,2025,6,25,2,0,21.72,27.65,28.77,22.779999999999998,22.067333333333334
2025-06-26,1,18.8,34,16.36,4,1,1.05,2025,6,26,3,0,12.51,23.15,22.93,21.810000000000002,21.848333333333336
2025-06-27,3,33.2,35,18.64,8,1,1.92,2025,6,27,4,0,16.36,33.69,19.98,19.66,21.80366666666667
2025-06-28,0,44.2,78,9.78,3,1,0.01,2025,6,28,5,1,18.64,28.15,21.88,17.035714285714285,21.400333333333332
2025-06-29,2,20.5,72,22.28,4,1,1.35,2025,6,29,6,1,9.78,18.08,21.36,17.635714285714286,21.431
2025-06-30,1,31.3,77,20.51,5,0,2.82,2025,6,30,0,0,22.28,22.16,29.32,17.400000000000002,21.137333333333334
2025-07-01,4,25.4,73,11.96,3,2,0.66,2025,7,1,1,0,20.51,21.72,15.54,16.005714285714287,21.017999999999997
2025-07-02,2,33.0,76,24.43,7,1,0.17,2025,7,2,2,0,11.96,12.51,17.42,17.708571428571428,21.25166666666667
2025-07-03,2,30.1,52,26.3,2,1,0.82,2025,7,3,3,0,24.43,16.36,28.22,19.12857142857143,21.187666666666665
2025-07-04,1,25.5,33,23.36,2,1,1.95,2025,7,4,4,0,26.3,18.64,18.43,19.802857142857142,21.351999999999997
2025-07-05,2,33.4,56,20.06,6,1,0.17,2025,7,5,5,1,23.36,9.78,27.4,21.271428571428572,21.10733333333333
2025-07-06,4,42.6,47,25.55,6,2,0.35,2025,7,6,6,1,20.06,22.28,32.2,21.73857142857143,20.88566666666667
2025-07-07,2,28.7,50,26.08,5,2,0.24,2025,7,7,0,0,25.55,20.51,19.59,22.534285714285716,21.101999999999997
2025-07-08,4,35.0,57,23.84,7,2,2.39,2025,7,8,1,0,26.08,11.96,26.09,24.231428571428573,21.026999999999997
2025-07-09,1,20.9,64,17.05,8,2,0.1,2025,7,9,2,0,23.84,24.43,15.08,23.177142857142858,21.09266666666667
2025-07-10,0,23.3,51,23.66,2,1,1.74,2025,7,10,3,0,17.05,26.3,26.53,22.8,20.997
2025-07-11,2,33.3,69,29.17,2,0,0.68,2025,7,11,4,0,23.66,23.36,23.2,23.63,21.196
2025-07-12,0,40.4,52,18.42,2,2,2.11,2025,7,12,5,1,29.17,20.06,24.84,23.395714285714288,20.982000000000003
2025-07-13,4,32.5,32,34.59,8,2,5.0,2025,7,13,6,1,18.42,25.55,18.13,24.687142857142856,21.530666666666665
2025-07-14,2,27.8,69,18.85,2,1,0.18,2025,7,14,0,0,34.59,26.08,12.03,23.654285714285717,21.758
2025-07-15,3,30.0,79,22.19,4,1,0.57,2025,7,15,1,0,18.85,23.84,25.02,23.41857142857143,21.663666666666668
2025-07-16,0,21.2,39,17.97,7,1,2.49,2025,7,16,2,0,22.19,17.05,9.62,23.55,21.942
2025-07-17,2,34.2,54,23.34,3,1,0.46,2025,7,17,3,0,17.97,23.66,20.1,23.504285714285714,22.05
2025-07-18,0,36.2,81,11.55,3,0,0.36,2025,7,18,4,0,23.34,29.17,27.65,20.987142857142857,21.513333333333335
2025-07-19,2,26.8,78,18.72,5,0,2.62,2025,7,19,5,1,11.55,18.42,23.15,21.029999999999998,21.365666666666662
2025-07-20,1,26.7,37,15.45,4,2,6.52,2025,7,20,6,1,18.72,34.59,33.69,18.295714285714286,20.75766666666667
2025-07-21,0,31.9,84,22.81,2,0,1.22,2025,7,21,0,0,15.45,18.85,28.15,18.861428571428572,20.579666666666665
2025-07-22,3,26.9,40,27.97,2,2,0.49,2025,7,22,1,0,22.81,22.19,18.08,19.687142857142856,20.909333333333333
2025-07-23,3,29.5,34,25.88,6,2,0.76,2025,7,23,2,0,27.97,17.97,22.16,20.81714285714286,21.033333333333335
2025-07-24,4,44.7,87,7.77,6,0,0.28,2025,7,24,3,0,25.88,23.34,21.72,18.592857142857138,20.56833333333333
2025-07-25,2,28.3,74,34.25,5,2,2.15,2025,7,25,4,0,7.77,11.55,12.51,21.835714285714285,21.293
2025-07-26,0,27.5,82,23.77,2,1,2.23,2025,7,26,5,1,34.25,18.72,16.36,22.557142857142857,21.540000000000003
2025-07-27,4,25.5,84,17.34,5,2,3.12,2025,7,27,6,1,23.77,15.45,18.64,22.82714285714286,21.496666666666666
2025-07-28,0,35.2,66,22.94,4,1,0.04,2025,7,28,0,0,17.34,22.81,9.78,22.845714285714287,21.935333333333336
2025-07-29,2,28.7,85,23.06,3,0,1.24,2025,7,29,1,0,22.94,27.97,22.28,22.14428571428571,21.961333333333332
2025-07-30,3,25.5,88,18.0,2,0,0.36,2025,7,30,2,0,23.06,25.88,20.51,21.018571428571427,21.877666666666663
2025-07-31,1,39.2,74,23.19,7,2,0.63,2025,7,31,3,0,18.0,7.77,11.96,23.22142857142857,22.252000000000002
2025-08-01,3,39.9,67,18.36,8,1,2.31,2025,8,1,4,0,23.19,34.25,24.43,20.951428571428572,22.049666666666667
2025-08-02,4,25.8,58,19.57,4,2,0.32,2025,8,2,5,1,18.36,23.77,26.3,20.351428571428574,21.825333333333333
2025-08-03,1,16.9,34,17.88,2,0,1.53,2025,8,3,6,1,19.57,17.34,23.36,20.428571428571427,21.642666666666667
2025-08-04,4,37.1,38,13.4,8,2,1.59,2025,8,4,0,0,17.88,22.94,20.06,19.065714285714286,21.420666666666666
2025-08-05,2,25.2,88,22.88,7,2,4.62,2025,8,5,1,0,13.4,23.06,25.55,19.04,21.331666666666667
2025-08-06,1,35.5,77,25.51,6,1,2.24,2025,8,6,2,0,22.88,18.0,26.08,20.11285714285714,21.31266666666667
2025-08-07,4,16.2,31,25.09,5,0,2.44,2025,8,7,3,0,25.51,23.19,23.84,20.384285714285713,21.354333333333333
2025-08-08,2,36.2,30,26.92,6,2,1.14,2025,8,8,4,0,25.09,18.36,17.05,21.607142857142858,21.683333333333334
2025-08-09,3,21.5,69,23.95,3,1,0.31,2025,8,9,5,1,26.92,19.57,23.66,22.232857142857146,21.692999999999998
2025-08-10,2,35.1,89,18.8,6,2,0.83,2025,8,10,6,1,23.95,17.88,29.17,22.36428571428571,21.347333333333335
2025-08-11,0,30.1,80,27.04,2,1,1.2,2025,8,11,0,0,18.8,13.4,18.42,24.312857142857144,21.634666666666664
2025-08-12,2,23.3,59,13.85,7,1,1.7,2025,8,12,1,0,27.04,22.88,34.59,23.022857142857145,20.943333333333335
2025-08-13,2,27.2,40,16.6,6,2,1.4,2025,8,13,2,0,13.85,25.51,18.85,21.75,20.868333333333336
2025-08-14,0,34.8,57,16.21,2,0,0.75,2025,8,14,3,0,16.6,25.09,22.19,20.481428571428573,20.668999999999997
2025-08-15,4,30.7,73,28.48,3,0,0.46,2025,8,15,4,0,16.21,26.92,17.97,20.704285714285714,21.019333333333336
2025-08-16,4,34.1,41,27.66,8,1,0.28,2025,8,16,5,1,28.48,23.95,23.34,21.234285714285715,21.163333333333334
2025-08-17,2,43.8,68,24.92,7,0,1.78,2025,8,17,6,1,27.66,18.8,11.55,22.108571428571427,21.608999999999998
2025-08-18,0,19.1,55,28.43,6,1,1.56,2025,8,18,0,0,24.92,27.04,18.72,22.307142857142857,21.932666666666666
2025-08-19,0,41.3,42,16.72,5,0,1.74,2025,8,19,1,0,28.43,13.85,15.45,22.717142857142857,21.975
2025-08-20,3,30.7,88,24.09,5,2,0.7,2025,8,20,2,0,16.72,16.6,22.81,23.78714285714286,22.01766666666667
2025-08-21,4,23.7,37,21.25,7,0,0.46,2025,8,21,3,0,24.09,16.21,27.97,24.50714285714286,21.79366666666667
2025-08-22,1,20.7,83,27.08,5,1,2.14,2025,8,22,4,0,21.25,28.48,25.88,24.307142857142853,21.833666666666666
2025-08-23,4,28.7,57,21.31,6,1,2.23,2025,8,23,5,1,27.08,27.66,7.77,23.4,22.285000000000004
2025-08-24,4,36.5,87,19.69,6,0,0.91,2025,8,24,6,1,21.31,24.92,34.25,22.65285714285714,21.799666666666667
2025-08-25,3,29.1,59,25.25,7,2,1.42,2025,8,25,0,0,19.69,28.43,23.77,22.198571428571427,21.848999999999997
2025-08-26,1,40.6,38,27.26,6,1,0.7,2025,8,26,1,0,25.25,16.72,17.34,23.704285714285714,22.179666666666666
2025-08-27,3,19.8,68,17.99,8,1,1.82,2025,8,27,2,0,27.26,24.09,22.94,22.83285714285714,22.014666666666663
2025-08-28,1,29.9,60,21.63,2,1,2.71,2025,8,28,3,0,17.99,21.25,23.06,22.887142857142855,21.967
2025-08-29,2,21.2,87,15.65,3,1,1.75,2025,8,29,4,0,21.63,27.08,18.0,21.254285714285714,21.88866666666667
2025-08-30,1,32.5,50,7.01,8,1,1.08,2025,8,30,5,1,15.65,21.31,23.19,19.211428571428574,21.349333333333334
2025-08-31,3,36.2,85,23.2,8,2,0.92,2025,8,31,6,1,7.01,19.69,18.36,19.712857142857143,21.510666666666665
2025-09-01,4,27.1,76,25.65,5,0,1.54,2025,9,1,0,0,23.2,25.25,19.57,19.77,21.71333333333333
2025-09-02,1,11.8,63,23.57,2,2,1.71,2025,9,2,1,0,25.65,27.26,17.88,19.24285714285714,21.903000000000002
2025-09-03,1,31.4,84,10.3,7,2,1.23,2025,9,3,2,0,23.57,17.99,13.4,18.14428571428571,21.799666666666667
2025-09-04,0,33.1,60,19.89,5,1,1.47,2025,9,4,3,0,10.3,21.63,22.88,17.895714285714284,21.7
2025-09-05,4,32.8,81,8.69,2,2,0.15,2025,9,5,4,0,19.89,15.65,25.51,16.90142857142857,21.139333333333333
2025-09-06,2,38.7,54,30.22,6,1,4.55,2025,9,6,5,1,8.69,7.01,25.09,20.217142857142857,21.310333333333336
2025-09-07,3,22.5,41,15.48,7,2,2.35,2025,9,7,6,1,30.22,23.2,26.92,19.114285714285717,20.929
2025-09-08,2,34.8,30,29.53,7,1,0.7,2025,9,8,0,0,15.48,25.65,23.95,19.66857142857143,21.115000000000002
2025-09-09,4,38.3,84,27.68,5,1,1.24,2025,9,9,1,0,29.53,23.57,18.8,20.255714285714284,21.410999999999998
2025-09-10,1,17.5,51,16.6,6,2,0.07,2025,9,10,2,0,27.68,10.3,27.04,21.155714285714286,21.063
2025-09-11,1,32.2,69,15.2,5,2,0.06,2025,9,11,3,0,16.6,19.89,13.85,20.485714285714288,21.108
2025-09-12,4,26.5,66,24.1,4,0,0.43,2025,9,12,4,0,15.2,8.69,16.6,22.687142857142856,21.358
2025-09-13,1,29.4,76,16.93,2,0,1.76,2025,9,13,5,1,24.1,30.22,16.21,20.78857142857143,21.382
2025-09-14,1,32.4,30,22.61,4,0,2.87,2025,9,14,6,1,16.93,15.48,28.48,21.807142857142853,21.186333333333334
2025-09-15,1,26.6,30,19.1,2,2,1.23,2025,9,15,0,0,22.61,29.53,27.66,20.31714285714286,20.901000000000003
2025-09-16,3,25.3,86,11.31,3,2,1.14,2025,9,16,1,0,19.1,27.68,24.92,17.978571428571428,20.447333333333333
2025-09-17,3,30.2,71,8.62,8,1,0.77,2025,9,17,2,0,11.31,16.6,28.43,16.83857142857143,19.787
2025-09-18,0,22.4,83,23.36,7,0,0.26,2025,9,18,3,0,8.62,15.2,16.72,18.004285714285714,20.008333333333333
2025-09-19,2,22.4,71,18.63,5,1,0.19,2025,9,19,4,0,23.36,24.1,24.09,17.222857142857144,19.82633333333333
2025-09-20,4,34.8,50,18.68,3,1,2.14,2025,9,20,5,1,18.63,16.93,21.25,17.472857142857144,19.740666666666662
2025-09-21,4,22.0,44,26.18,3,1,3.94,2025,9,21,6,1,18.68,22.61,27.08,17.982857142857142,19.71066666666667
2025-09-22,4,34.7,46,29.04,7,1,0.92,2025,9,22,0,0,26.18,19.1,21.31,19.40285714285714,19.96833333333333
2025-09-23,0,33.2,51,20.36,7,0,1.62,2025,9,23,1,0,29.04,11.31,19.69,20.695714285714285,19.990666666666666
2025-09-24,3,17.9,67,19.96,2,1,3.69,2025,9,24,2,0,20.36,8.62,25.25,22.315714285714286,19.814333333333334
2025-09-25,0,25.3,64,25.0,4,2,0.14,2025,9,25,3,0,19.96,23.36,27.26,22.550000000000004,19.739
2025-09-26,4,38.4,74,13.86,6,2,2.21,2025,9,26,4,0,25.0,18.63,17.99,21.868571428571425,19.601333333333336
2025-09-27,2,23.1,45,23.34,2,2,1.44,2025,9,27,5,1,13.86,18.68,21.63,22.534285714285716,19.658333333333335
2025-09-28,1,26.7,37,25.31,6,0,1.37,2025,9,28,6,1,23.34,26.18,15.65,22.41,19.98033333333333
2025-09-29,3,33.2,76,26.08,3,1,0.52,2025,9,29,0,0,25.31,29.04,7.01,21.987142857142857,20.615999999999996
2025-09-30,3,35.5,46,10.38,6,0,1.73,2025,9,30,1,0,26.08,20.36,23.2,20.56142857142857,20.18866666666667
2025-10-01,0,28.2,46,17.43,4,1,2.38,2025,10,1,2,0,10.38,19.96,25.65,20.2,19.91466666666667
2025-10-02,3,25.8,83,16.73,2,0,0.18,2025,10,2,3,0,17.43,25.0,23.57,19.018571428571427,19.686666666666667
2025-10-03,4,40.0,55,22.6,7,0,1.14,2025,10,3,4,0,16.73,13.86,10.3,20.267142857142858,20.09666666666667
2025-10-04,4,42.2,42,24.88,4,1,0.16,2025,10,4,5,1,22.6,23.34,19.89,20.487142857142857,20.262999999999998
2025-10-05,0,36.9,46,30.98,8,0,3.09,2025,10,5,6,1,24.88,25.31,8.69,21.297142857142855,21.005999999999997
2025-10-06,4,30.6,67,19.03,4,1,1.06,2025,10,6,0,0,30.98,26.08,30.22,20.29,20.633
2025-10-07,2,24.3,46,19.01,8,2,2.48,2025,10,7,1,0,19.03,10.38,15.48,21.52285714285714,20.750666666666667
2025-10-08,0,24.2,77,28.9,2,2,0.69,2025,10,8,2,0,19.01,17.43,29.53,23.16142857142857,20.729666666666667
2025-10-09,2,33.7,43,23.78,7,2,0.2,2025,10,9,3,0,28.9,16.73,27.68,24.16857142857143,20.599666666666668
2025-10-10,1,32.9,74,29.61,4,0,0.06,2025,10,10,4,0,23.78,22.6,16.6,25.169999999999998,21.033333333333335
2025-10-11,2,39.8,35,23.73,8,2,0.5,2025,10,11,5,1,29.61,24.88,15.2,25.005714285714287,21.317666666666664
2025-10-12,1,34.6,64,15.06,7,1,0.42,2025,10,12,6,1,23.73,30.98,24.1,22.731428571428573,21.01633333333333
2025-10-13,1,19.5,75,14.0,5,2,1.23,2025,10,13,0,0,15.06,19.03,16.93,22.012857142857143,20.918666666666663
2025-10-14,2,37.4,43,12.69,5,2,0.03,2025,10,14,1,0,14.0,19.01,22.61,21.110000000000003,20.588
2025-10-15,0,23.0,76,25.97,5,0,1.1,2025,10,15,2,0,12.69,28.9,19.1,20.69142857142857,20.817
2025-10-16,4,27.3,37,29.13,6,1,0.75,2025,10,16,3,0,25.97,23.78,11.31,21.455714285714286,21.411
2025-10-17,4,31.8,44,33.1,4,0,1.29,2025,10,17,4,0,29.13,29.61,8.62,21.954285714285714,22.227
2025-10-18,1,44.0,83,27.06,2,0,1.82,2025,10,18,5,1,33.1,23.73,23.36,22.430000000000003,22.35033333333333
2025-10-19,1,51.8,56,28.98,2,1,1.51,2025,10,19,6,1,27.06,15.06,18.63,24.41857142857143,22.695333333333334
2025-10-20,0,34.2,42,18.52,6,0,6.26,2025,10,20,0,0,28.98,14.0,18.68,25.064285714285717,22.69
2025-10-21,3,28.7,78,15.06,2,1,0.22,2025,10,21,1,0,18.52,12.69,26.18,25.402857142857147,22.319333333333336
2025-10-22,2,33.7,60,27.1,8,2,0.84,2025,10,22,2,0,15.06,25.97,29.04,25.564285714285717,22.254666666666665
2025-10-23,1,36.2,82,24.51,5,1,0.83,2025,10,23,3,0,27.1,29.13,20.36,24.904285714285713,22.392999999999997
2025-10-24,4,27.8,85,22.64,4,1,0.81,2025,10,24,4,0,24.51,33.1,19.96,23.41,22.482333333333333
2025-10-25,0,42.6,64,24.32,2,1,1.64,2025,10,25,5,1,22.64,27.06,25.0,23.018571428571427,22.459666666666667
2025-10-26,2,31.6,89,23.94,2,0,1.01,2025,10,26,6,1,24.32,28.98,13.86,22.298571428571428,22.795666666666666
2025-10-27,0,33.5,35,29.7,3,1,1.09,2025,10,27,0,0,23.94,18.52,23.34,23.895714285714284,23.00766666666667
2025-10-28,2,34.7,34,29.77,3,1,0.85,2025,10,28,1,0,29.7,15.06,25.31,25.997142857142855,23.156333333333333
2025-10-29,2,33.0,51,25.27,3,1,7.19,2025,10,29,2,0,29.77,27.1,26.08,25.735714285714288,23.12933333333334
2025-10-30,1,35.9,87,27.07,4,2,3.94,2025,10,30,3,0,25.27,24.51,10.38,26.101428571428574,23.685666666666666
2025-10-31,0,25.7,78,25.08,5,1,0.55,2025,10,31,4,0,27.07,22.64,17.43,26.449999999999996,23.94066666666667
2025-11-01,0,26.1,52,19.23,7,0,0.18,2025,11,1,5,1,25.08,24.32,16.73,25.722857142857144,24.024
2025-11-02,4,22.3,54,26.54,5,1,2.75,2025,11,2,6,1,19.23,23.94,22.6,26.094285714285714,24.15533333333333
2025-11-03,4,33.1,63,13.63,5,1,8.8,2025,11,3,0,0,26.54,29.7,24.88,23.798571428571428,23.78033333333333
2025-11-04,1,35.5,55,28.32,4,2,0.52,2025,11,4,1,0,13.63,29.77,30.98,23.59142857142857,23.691666666666666
2025-11-05,1,33.2,76,14.83,8,1,0.66,2025,11,5,2,0,28.32,25.27,19.03,22.099999999999998,23.551666666666666
2025-11-06,3,41.7,34,23.71,8,0,4.26,2025,11,6,3,0,14.83,27.07,19.01,21.62,23.708333333333332
2025-11-07,4,30.0,55,16.93,4,1,1.86,2025,11,7,4,0,23.71,25.08,28.9,20.455714285714286,23.30933333333333
2025-11-08,2,34.7,49,25.32,3,0,0.53,2025,11,8,5,1,16.93,19.23,23.78,21.325714285714287,23.360666666666667
2025-11-09,0,22.4,35,21.8,2,2,1.3,2025,11,9,6,1,25.32,26.54,29.61,20.648571428571426,23.10033333333333
2025-11-10,1,27.3,35,12.43,6,1,4.33,2025,11,10,0,0,21.8,13.63,23.73,20.47714285714286,22.723666666666666
2025-11-11,0,34.9,88,24.52,6,2,2.51,2025,11,11,1,0,12.43,28.32,15.06,19.934285714285714,23.039
2025-11-12,0,35.9,79,18.53,7,1,2.03,2025,11,12,2,0,24.52,14.83,14.0,20.462857142857143,23.19
2025-11-13,3,27.9,47,27.29,2,0,2.0,2025,11,13,3,0,18.53,23.71,12.69,20.974285714285713,23.676666666666666
2025-11-14,4,29.5,33,22.01,7,2,0.29,2025,11,14,4,0,27.29,16.93,25.97,21.699999999999996,23.544666666666664
2025-11-15,1,19.4,46,24.37,3,1,2.61,2025,11,15,5,1,22.01,25.32,29.13,21.564285714285713,23.386
2025-11-16,0,27.5,86,16.25,7,0,0.48,2025,11,16,6,1,24.37,21.8,33.1,20.771428571428572,22.824333333333332
2025-11-17,1,36.2,43,18.46,2,2,4.0,2025,11,17,0,0,16.25,12.43,27.06,21.632857142857144,22.537666666666667
2025-11-18,2,34.0,43,19.25,2,1,0.68,2025,11,18,1,0,18.46,24.52,28.98,20.88,22.21333333333333
2025-11-19,3,33.5,42,27.14,6,2,2.92,2025,11,19,2,0,19.25,18.53,18.52,22.109999999999996,22.500666666666667
2025-11-20,2,30.3,36,32.06,8,1,0.46,2025,11,20,3,0,27.14,27.29,15.06,22.791428571428575,23.067333333333334
2025-11-21,1,30.0,73,17.17,3,0,1.08,2025,11,21,4,0,32.06,22.01,27.1,22.1,22.736333333333334
2025-11-22,1,25.4,84,28.46,4,0,0.17,2025,11,22,5,1,17.17,24.37,24.51,22.684285714285718,22.868000000000002
2025-11-23,4,34.9,44,8.98,7,2,1.62,2025,11,23,6,1,28.46,16.25,22.64,21.645714285714288,22.412666666666667
2025-11-24,0,32.9,48,14.83,6,2,2.71,2025,11,24,0,0,8.98,18.46,24.32,21.12714285714286,22.096333333333334
2025-11-25,0,33.4,72,16.25,7,1,1.9,2025,11,25,1,0,14.83,19.25,23.94,20.69857142857143,21.839999999999996
2025-11-26,2,26.3,76,13.88,7,0,1.11,2025,11,26,2,0,16.25,27.14,29.7,18.804285714285715,21.312666666666665
2025-11-27,3,14.9,73,12.5,4,1,0.07,2025,11,27,3,0,13.88,32.06,29.77,16.01,20.737000000000002
2025-11-28,0,37.7,64,24.48,3,0,4.06,2025,11,28,4,0,12.5,17.17,25.27,17.054285714285715,20.710666666666665
2025-11-29,4,26.6,46,20.72,2,2,1.83,2025,11,29,5,1,24.48,28.46,27.07,15.948571428571427,20.499000000000002
2025-11-30,2,24.0,64,24.28,5,1,2.05,2025,11,30,6,1,20.72,8.98,25.08,18.134285714285713,20.47233333333333
2025-12-01,2,34.9,48,26.14,7,1,2.37,2025,12,1,0,0,24.28,14.83,19.23,19.75,20.702666666666666
2025-12-02,4,27.3,49,23.59,5,0,2.07,2025,12,2,1,0,26.14,16.25,26.54,20.798571428571428,20.604333333333333
2025-12-03,3,37.4,65,25.95,3,0,0.87,2025,12,3,2,0,23.59,13.88,13.63,22.522857142857145,21.015
2025-12-04,4,34.3,64,21.58,5,0,1.98,2025,12,4,3,0,25.95,12.5,28.32,23.82,20.790333333333333
2025-12-05,3,34.8,61,14.88,7,2,1.47,2025,12,5,4,0,21.58,24.48,14.83,22.448571428571427,20.791999999999998
2025-12-06,4,20.4,87,28.35,4,1,2.89,2025,12,6,5,1,14.88,20.72,23.71,23.538571428571426,20.946666666666665
2025-12-07,4,38.5,77,18.47,5,0,2.43,2025,12,7,6,1,28.35,24.28,16.93,22.708571428571425,20.998
2025-12-08,1,31.8,73,16.39,3,2,0.06,2025,12,8,0,0,18.47,26.14,25.32,21.315714285714286,20.700333333333333
2025-12-09,2,27.4,69,20.93,3,0,0.71,2025,12,9,1,0,16.39,23.59,21.8,20.935714285714287,20.671333333333333
2025-12-10,4,31.0,53,16.52,8,1,0.05,2025,12,10,2,0,20.93,25.95,12.43,19.58857142857143,20.807666666666666
2025-12-11,4,17.6,46,19.5,8,0,0.16,2025,12,11,3,0,16.52,21.58,24.52,19.291428571428572,20.640333333333334
2025-12-12,0,32.9,36,24.06,4,1,1.38,2025,12,12,4,0,19.5,14.88,18.53,20.602857142857143,20.824666666666666
2025-12-13,2,22.8,72,24.09,5,2,3.11,2025,12,13,5,1,24.06,28.35,27.29,19.994285714285716,20.718000000000004
2025-12-14,0,20.5,79,16.61,5,2,0.19,2025,12,14,6,1,24.09,18.47,22.01,19.728571428571428,20.538000000000004
2025-12-15,2,19.3,30,19.07,8,0,0.9,2025,12,15,0,0,16.61,16.39,24.37,20.111428571428572,20.361333333333334
2025-12-16,0,37.8,64,28.45,2,1,3.63,2025,12,16,1,0,19.07,20.93,16.25,21.185714285714283,20.768000000000004
2025-12-17,4,25.6,61,24.98,6,1,2.53,2025,12,17,2,0,28.45,16.52,18.46,22.39428571428572,20.985333333333337
2025-12-18,4,40.7,65,34.45,3,1,1.1,2025,12,18,3,0,24.98,19.5,19.25,24.53,21.492
2025-12-19,1,26.2,42,29.08,2,0,2.21,2025,12,19,4,0,34.45,24.06,27.14,25.247142857142858,21.55666666666667
2025-12-20,0,18.0,35,28.87,3,1,1.11,2025,12,20,5,1,29.08,24.09,32.06,25.93,21.450333333333333
2025-12-21,3,22.2,87,13.67,2,1,0.26,2025,12,21,6,1,28.87,16.61,17.17,25.509999999999998,21.333666666666666
2025-12-22,1,38.7,43,26.58,8,1,0.2,2025,12,22,0,0,13.67,19.07,28.46,26.58285714285714,21.271
2025-12-23,0,28.9,66,21.68,8,1,0.31,2025,12,23,1,0,26.58,28.45,8.98,25.615714285714287,21.69433333333333
2025-12-24,0,26.2,77,18.69,6,0,0.65,2025,12,24,2,0,21.68,24.98,14.83,24.717142857142854,21.823
2025-12-25,1,31.1,44,23.01,2,0,4.0,2025,12,25,3,0,18.69,34.45,16.25,23.08285714285714,22.048333333333336
2025-12-26,4,33.5,76,27.67,3,1,2.41,2025,12,26,4,0,23.01,29.08,13.88,22.881428571428575,22.508
2025-12-27,0,37.8,33,25.0,5,1,0.85,2025,12,27,5,1,27.67,28.87,12.5,22.32857142857143,22.924666666666667
2025-12-28,4,40.1,69,16.73,3,2,1.02,2025,12,28,6,1,25.0,13.67,24.48,22.765714285714285,22.666333333333334
2025-12-29,1,27.5,88,26.45,7,2,0.46,2025,12,29,0,0,16.73,26.58,20.72,22.747142857142858,22.857333333333333
2025-12-30,4,20.7,45,18.17,8,1,1.83,2025,12,30,1,0,26.45,21.68,24.28,22.245714285714286,22.653666666666666
2025-12-31,2,27.1,57,23.3,4,1,2.44,2025,12,31,2,0,18.17,18.69,26.14,22.904285714285717,22.559
2026-01-01,3,31.8,45,20.18,4,2,0.41,2026,1,1,3,0,23.3,23.01,23.59,22.5,22.445333333333334
2026-01-02,0,23.3,33,20.69,8,2,0.06,2026,1,2,4,0,20.18,27.67,25.95,21.502857142857145,22.269999999999996
2026-01-03,3,23.3,74,26.6,7,1,1.47,2026,1,3,5,1,20.69,25.0,21.58,21.731428571428573,22.437333333333335
2026-01-04,4,32.4,55,15.76,4,0,1.24,2026,1,4,6,1,26.6,16.73,14.88,21.592857142857145,22.466666666666665
2026-01-05,0,29.7,57,33.67,8,0,0.77,2026,1,5,0,0,15.76,26.45,28.35,22.624285714285715,22.644000000000002
2026-01-06,4,30.2,61,11.07,4,1,1.55,2026,1,6,1,0,33.67,18.17,18.47,21.610000000000003,22.397333333333332
2026-01-07,2,24.7,74,18.41,8,1,1.2,2026,1,7,2,0,11.07,23.3,16.39,20.91142857142857,22.46466666666667
2026-01-08,1,28.4,31,24.22,6,2,0.43,2026,1,8,3,0,18.41,20.18,20.93,21.48857142857143,22.574333333333335
2026-01-09,0,23.5,60,25.51,5,2,0.76,2026,1,9,4,0,24.22,20.69,16.52,22.177142857142858,22.874
2026-01-10,2,36.2,32,21.4,5,0,0.84,2026,1,10,5,1,25.51,26.6,19.5,21.434285714285714,22.937333333333335
2026-01-11,2,37.2,83,21.66,3,1,3.18,2026,1,11,6,1,21.4,15.76,24.06,22.277142857142856,22.857333333333333
2026-01-12,0,17.1,37,24.46,7,2,4.86,2026,1,12,0,0,21.66,33.67,24.09,20.961428571428574,22.869666666666667
2026-01-13,4,23.5,53,20.61,8,0,3.35,2026,1,13,1,0,24.46,11.07,16.61,22.324285714285715,23.002999999999997
2026-01-14,2,19.5,44,30.36,2,0,1.91,2026,1,14,2,0,20.61,18.41,19.07,24.03142857142857,23.37933333333333
2026-01-15,3,25.4,72,27.04,3,0,1.32,2026,1,15,3,0,30.36,24.22,28.45,24.434285714285714,23.332333333333334
2026-01-16,2,29.4,60,27.24,3,2,1.75,2026,1,16,4,0,27.04,25.51,24.98,24.68142857142857,23.407666666666668
2026-01-17,4,19.9,38,16.2,8,2,4.2,2026,1,17,5,1,27.24,21.4,34.45,23.93857142857143,22.799333333333333
2026-01-18,4,23.5,68,21.52,8,1,0.43,2026,1,18,6,1,16.2,21.66,29.08,23.91857142857143,22.54733333333333
2026-01-19,3,23.0,74,20.2,3,1,1.15,2026,1,19,0,0,21.52,24.46,28.87,23.31,22.258333333333333
2026-01-20,2,31.5,31,15.97,3,0,1.75,2026,1,20,1,0,20.2,20.61,13.67,22.647142857142857,22.335
2026-01-21,4,30.5,37,24.16,5,0,1.71,2026,1,21,2,0,15.97,30.36,26.58,21.76142857142857,22.25433333333333
2026-01-22,0,24.9,36,18.77,2,2,0.44,2026,1,22,3,0,24.16,27.04,21.68,20.580000000000002,22.157333333333334
2026-01-23,1,31.2,85,25.93,3,2,1.33,2026,1,23,4,0,18.77,27.24,18.69,20.392857142857142,22.398666666666664
2026-01-24,1,26.2,73,15.58,5,1,2.38,2026,1,24,5,1,25.93,16.2,23.01,20.304285714285715,22.151
2026-01-25,1,28.1,80,32.31,3,1,0.97,2026,1,25,6,1,15.58,21.52,27.67,21.845714285714287,22.30566666666667
2026-01-26,2,41.7,68,16.62,4,1,2.36,2026,1,26,0,0,32.31,20.2,25.0,21.334285714285716,22.026333333333337
2026-01-27,3,39.4,71,23.32,3,2,0.67,2026,1,27,1,0,16.62,15.97,16.73,22.384285714285717,22.246
2026-01-28,4,20.9,86,26.75,8,0,4.19,2026,1,28,2,0,23.32,24.16,26.45,22.754285714285718,22.255999999999997
2026-01-29,0,35.8,45,18.58,7,1,1.15,2026,1,29,3,0,26.75,18.77,18.17,22.72714285714286,22.26966666666667
2026-01-30,0,35.7,64,27.11,7,1,1.36,2026,1,30,4,0,18.58,25.93,23.3,22.895714285714288,22.39666666666667
2026-01-31,2,22.0,59,14.62,3,2,0.05,2026,1,31,5,1,27.11,15.58,20.18,22.75857142857143,22.211333333333336
2026-02-01,1,35.7,39,30.71,6,1,0.28,2026,2,1,6,1,14.62,32.31,20.69,22.53,22.545333333333335
2026-02-02,2,40.8,67,22.08,4,0,1.5,2026,2,2,0,0,30.71,16.62,26.6,23.31,22.39466666666667
2026-02-03,3,22.1,47,18.42,2,2,0.82,2026,2,3,1,0,22.08,23.32,15.76,22.610000000000003,22.483333333333334
2026-02-04,3,23.6,79,20.2,3,1,1.06,2026,2,4,2,0,18.42,26.75,33.67,21.674285714285713,22.034333333333333
2026-02-05,4,37.1,34,26.85,2,1,0.1,2026,2,5,3,0,20.2,18.58,11.07,22.85571428571428,22.560333333333336
2026-02-06,4,31.9,82,18.49,4,2,2.69,2026,2,6,4,0,26.85,27.11,18.41,21.624285714285715,22.563
2026-02-07,3,33.9,58,17.5,3,2,2.3,2026,2,7,5,1,18.49,14.62,24.22,22.035714285714285,22.339000000000002
2026-02-08,3,32.4,68,20.67,6,1,0.31,2026,2,8,6,1,17.5,30.71,25.51,20.601428571428567,22.177666666666667
